,OPC,OLIG,AST,MG,SharedGroups
CTD-2653D5.1,1,0,0,0,OPC
CDCA2,1,0,0,0,OPC
C3orf18,1,0,0,0,OPC
RP11-862L9.3,1,0,0,0,OPC
FGL1,1,0,0,0,OPC
EBF1,1,0,1,0,2
AC010746.2,1,0,0,1,2
RP11-561C5.5,1,0,0,0,OPC
IL20RA,1,0,0,0,OPC
AC074117.10,1,0,0,0,OPC
WWOX,1,0,0,0,OPC
RP11-626P14.1,1,0,0,0,OPC
AC002992.2,1,0,0,0,OPC
PICK1,1,0,0,0,OPC
RP11-385D13.3,1,0,0,0,OPC
RP5-828H9.3,1,0,0,0,OPC
EPN2,1,0,0,0,OPC
RP11-706J10.1,1,0,0,0,OPC
FAM134A,1,0,0,0,OPC
PRKCD,1,0,0,0,OPC
AL450992.2,1,0,0,0,OPC
CCDC170,1,0,0,0,OPC
RP11-1110F20.1,1,0,0,0,OPC
LINC00216,1,0,0,0,OPC
RP11-552M11.4,1,0,0,0,OPC
AZGP1,1,0,0,0,OPC
CDIPT,1,0,0,0,OPC
PCDH12,1,0,0,0,OPC
RP5-1065O2.4,1,0,0,0,OPC
MRFAP1L1,1,0,0,0,OPC
CD276,1,0,0,0,OPC
RP11-1055B8.4,1,0,0,0,OPC
CENPQ,1,0,0,0,OPC
RP11-122G18.12,1,0,0,0,OPC
RP11-182J1.14,1,0,0,0,OPC
XKR4,1,1,0,0,2
KATNA1,1,0,0,0,OPC
GPNMB,1,0,0,0,OPC
C9orf142,1,0,0,0,OPC
ASNS,1,0,0,0,OPC
AC040963.1,1,0,0,0,OPC
LGI2,1,0,0,0,OPC
NDUFB10,1,0,0,0,OPC
ORAOV1,1,0,0,0,OPC
RP11-284F21.7,1,0,0,0,OPC
CHMP6,1,0,0,0,OPC
KHNYN,1,0,0,0,OPC
PPOX,1,0,0,0,OPC
ATXN1,1,0,0,1,2
PPT1,1,0,0,0,OPC
TNP1,1,0,0,0,OPC
RP11-295K3.1,1,0,0,0,OPC
DNAH17,1,0,0,1,2
CCDC24,1,0,0,0,OPC
SNU13,1,0,0,0,OPC
PLA2G7,1,0,0,1,2
MCMDC2,1,0,0,0,OPC
NUDT11,1,0,0,0,OPC
RP11-893F2.13,1,0,0,0,OPC
FOXP1,1,0,0,0,OPC
RP11-277P12.6,1,0,0,0,OPC
PCSK7,1,0,0,0,OPC
SVOP,1,0,0,0,OPC
RP11-728K20.2,1,0,0,0,OPC
RP11-98O2.1,1,0,0,0,OPC
SGCD,1,0,0,0,OPC
LRP5L,1,0,0,0,OPC
RP11-761E20.1,1,0,0,0,OPC
GAL3ST4,1,0,0,1,2
GAREM2,1,0,0,0,OPC
HELZ2,1,0,0,0,OPC
DDX17,1,0,0,0,OPC
PHLDB2,1,0,0,0,OPC
RP11-382J12.1,1,1,0,0,2
RP11-52A20.2,1,0,0,0,OPC
ATIC,1,0,0,0,OPC
RP11-348N5.7,1,0,0,0,OPC
EDIL3,1,1,0,0,2
ACBD4,1,0,0,0,OPC
RP11-114H23.1,1,0,0,0,OPC
SKINT1L,1,0,0,0,OPC
COL4A6,1,0,0,0,OPC
ENTPD4,1,0,0,0,OPC
NAPB,1,0,0,0,OPC
DCUN1D4,1,0,0,0,OPC
RP1-18D14.3,1,0,0,0,OPC
ZNF687,1,0,0,0,OPC
SCUBE1,1,0,0,0,OPC
ALDOC,1,0,0,0,OPC
RP11-15A1.4,1,0,0,0,OPC
BEX5,1,0,0,0,OPC
EFNA1,1,0,0,0,OPC
FBXO25,1,0,0,0,OPC
CTD-2010I16.2,1,0,0,0,OPC
TMED11P,1,0,0,0,OPC
EXOSC7,1,0,0,0,OPC
CDH19,1,0,0,0,OPC
SP140,1,0,0,0,OPC
RP11-384P7.7,1,0,0,0,OPC
CYP3A43,1,0,0,0,OPC
PLEKHH2,1,0,0,0,OPC
EIF1AY,1,0,0,0,OPC
PIGB,1,0,0,0,OPC
RP5-872K7.2,1,0,0,0,OPC
RP11-124B13.1,1,0,0,0,OPC
RP11-417L19.5,1,0,0,0,OPC
PTPRD,1,0,0,0,OPC
NOM1,1,0,0,0,OPC
CTC-513N18.7,1,0,0,0,OPC
KIF19,1,0,0,0,OPC
CTD-2012J19.3,1,0,0,0,OPC
HEATR5B,1,0,0,0,OPC
ZNF630,1,0,0,0,OPC
RP11-76I14.1,1,0,0,0,OPC
ATAD3A,1,0,0,0,OPC
RP11-927P21.6,1,0,0,0,OPC
STK32B,1,0,0,0,OPC
CTCF,1,0,0,0,OPC
REL,1,0,0,0,OPC
FAM47E,1,0,0,0,OPC
ENAH,1,0,0,0,OPC
MICAL3,1,0,0,1,2
RP11-184D12.1,1,0,0,0,OPC
ZNF599,1,0,0,0,OPC
RP11-115D19.1,1,0,0,0,OPC
CTC-340D7.1,1,0,0,0,OPC
CTD-2196P11.1,1,0,0,0,OPC
CES2,1,0,0,0,OPC
POLR2D,1,0,0,0,OPC
DLL3,1,0,0,0,OPC
GSTM5,1,0,1,0,2
GYPE,1,0,0,0,OPC
LYST,1,0,0,0,OPC
NDFIP2,1,0,1,1,3
RP11-886H22.1,1,1,0,0,2
RP11-814P5.1,1,0,0,0,OPC
RBM23,1,0,0,0,OPC
HIP1R,1,1,1,0,3
UHRF1BP1L,1,0,0,0,OPC
KIAA1257,1,0,1,0,2
GRIA2,1,1,0,0,2
HS3ST4,1,0,0,1,2
TBXAS1,1,0,0,1,2
USP54,1,0,1,0,2
CCDC50,1,0,0,0,OPC
GLDC,1,0,0,0,OPC
RBMS1,1,1,0,0,2
DYNC1LI2,1,0,0,0,OPC
KIAA1549L,1,0,1,0,2
SPOCK1,1,1,0,0,2
ATN1,1,0,0,0,OPC
TMEM109,1,0,0,0,OPC
KIF13A,1,0,0,0,OPC
LRRC2,1,0,0,0,OPC
METTL22,1,0,0,0,OPC
FTL,1,0,0,1,2
FAM8A1,1,0,0,0,OPC
CLCC1,1,0,0,0,OPC
MUS81,1,0,0,0,OPC
COPG2,1,0,1,0,2
ITPKB,1,0,0,0,OPC
AC096559.1,1,0,0,0,OPC
SUFU,1,0,0,0,OPC
PSKH1,1,0,0,0,OPC
RPL34-AS1,1,0,0,0,OPC
RP11-403A3.3,1,0,0,0,OPC
WBSCR22,1,0,0,0,OPC
GRIK3,1,0,0,0,OPC
CTC-205M6.3,1,0,0,0,OPC
GRAMD1C,1,0,0,0,OPC
SYCP2,1,0,0,0,OPC
DIAPH3,1,0,0,0,OPC
LINC-PINT,1,0,0,0,OPC
COPG1,1,0,0,0,OPC
MEPCE,1,0,0,0,OPC
RP11-57A19.7,1,0,0,0,OPC
AL157871.2,1,0,0,0,OPC
ABCB10,1,0,0,0,OPC
SDC2,1,0,1,0,2
ALDH1L2,1,0,0,0,OPC
DAPL1,1,0,0,0,OPC
PIP4K2C,1,0,0,0,OPC
CKB,1,0,0,0,OPC
PTPN9,1,0,0,0,OPC
ATP10A,1,0,0,0,OPC
NEURL1B,1,0,0,0,OPC
ABCG2,1,0,0,0,OPC
HABP4,1,0,0,0,OPC
AC136007.2,1,0,0,0,OPC
LRRK2,1,0,0,0,OPC
RP11-142O6.1,1,0,0,0,OPC
GMCL1,1,0,0,0,OPC
PTPRN,1,0,0,0,OPC
RP5-1043L13.1,1,0,0,0,OPC
CCDC88A,1,0,0,0,OPC
RNF103,1,0,0,0,OPC
TEX14,1,0,0,0,OPC
YME1L1,1,0,0,0,OPC
MT-CO1,1,0,0,1,2
AC073479.1,1,0,0,0,OPC
NUCB2,1,0,0,0,OPC
RP11-756G20.1,1,0,0,0,OPC
MSH3,1,0,0,0,OPC
IGF2BP2,1,0,0,0,OPC
AC013267.2,1,0,0,0,OPC
PLA2R1,1,0,0,0,OPC
CTD-2054N24.2,1,0,1,0,2
GATC,1,0,0,0,OPC
NACC2,1,0,0,0,OPC
DOCK5,1,0,1,1,3
KLHL29,1,0,1,0,2
SECISBP2L,1,0,0,0,OPC
BRIP1,1,0,0,0,OPC
C12orf42,1,0,0,0,OPC
SIVA1,1,0,0,0,OPC
CPT1A,1,0,0,0,OPC
MSANTD3,1,0,0,0,OPC
FAM102B,1,0,0,0,OPC
FUNDC2,1,0,0,0,OPC
RP11-694I15.7,1,0,0,0,OPC
RP11-85M11.2,1,0,0,0,OPC
ITM2B,1,1,0,0,2
TIAM1,1,0,1,1,3
CTC-431G16.2,1,0,0,0,OPC
LINC00092,1,0,0,0,OPC
NAV1,1,0,0,0,OPC
RAPGEF4,1,0,0,0,OPC
AC002116.7,1,0,0,0,OPC
GRIN2A,1,0,0,0,OPC
SEMA4D,1,0,0,1,2
AC073343.13,1,0,0,0,OPC
C11orf65,1,0,0,0,OPC
NLRC4,1,0,0,0,OPC
RPL13,1,1,1,0,3
RP11-930O11.1,1,0,0,0,OPC
DICER1,1,0,0,0,OPC
CBFB,1,0,0,0,OPC
LA16c-358B7.3,1,0,0,0,OPC
RP11-10K16.1,1,0,0,0,OPC
ARSB,1,0,0,0,OPC
LCORL,1,0,0,1,2
SZT2,1,0,0,0,OPC
SLC22A17,1,1,0,0,2
MYO5B,1,0,0,0,OPC
CYB5D2,1,0,0,0,OPC
SMG5,1,0,0,0,OPC
SEM1,1,0,0,0,OPC
DCAF13,1,0,0,0,OPC
SLC15A4,1,0,0,0,OPC
WASF1,1,0,0,0,OPC
TMSB4X,1,0,0,0,OPC
NALCN,1,0,0,0,OPC
PPARD,1,0,0,0,OPC
ZCCHC24,1,0,0,0,OPC
GPALPP1,1,0,0,0,OPC
CTTN,1,0,0,1,2
RP11-389E17.1,1,0,0,0,OPC
DACH2,1,0,0,0,OPC
TLR10,1,0,0,1,2
PCDH11X,1,1,0,0,2
AC003991.3,1,0,0,0,OPC
CCDC67,1,0,0,0,OPC
LMNB1,1,0,0,0,OPC
GHR,1,0,0,0,OPC
NDUFS6,1,0,0,0,OPC
TUFT1,1,0,0,0,OPC
KIF18B,1,0,0,0,OPC
COL19A1,1,0,0,0,OPC
MOCS2,1,1,0,0,2
OLMALINC,1,1,0,1,3
GLRX2,1,0,0,0,OPC
JPH1,1,0,0,0,OPC
AL121656.4,1,0,1,0,2
HERC2P3,1,1,1,1,4
SLC16A10,1,0,0,0,OPC
NCALD,1,0,0,0,OPC
CXorf23,1,0,0,0,OPC
RTKN,1,0,0,0,OPC
PLAT,1,0,0,0,OPC
BNIPL,1,0,0,0,OPC
FBXW4,1,0,0,0,OPC
MSI1,1,0,0,0,OPC
AP001505.10,1,0,0,0,OPC
DYNC1I2,1,0,0,0,OPC
SOCS5,1,0,0,0,OPC
RP11-18H7.1,1,0,0,0,OPC
WASF2,1,0,0,1,2
MT-ND1,1,0,0,0,OPC
FMNL3,1,0,0,0,OPC
BCAS3,1,0,0,0,OPC
AP5M1,1,0,0,0,OPC
RP11-123B3.2,1,0,0,0,OPC
MT-RNR1,1,0,0,0,OPC
DVL3,1,0,0,0,OPC
PLXNB1,1,0,0,0,OPC
CAMKMT,1,0,0,0,OPC
SLC37A1,1,0,0,0,OPC
USP43,1,0,0,0,OPC
OXSM,1,0,0,0,OPC
XXbac-BPG55C20.7,1,0,0,0,OPC
NGEF,1,0,0,0,OPC
SEMA5A,1,0,0,0,OPC
KALP,1,1,1,1,4
AC087886.1,1,0,0,0,OPC
NRG3,1,0,0,0,OPC
FAM53C,1,1,0,1,3
LRIG1,1,0,1,0,2
FGFR1,1,0,0,0,OPC
FBXL12,1,0,0,0,OPC
ABCA1,1,0,1,0,2
SNAP91,1,0,0,0,OPC
RP11-68I3.2,1,0,0,0,OPC
NPAT,1,0,0,0,OPC
CSF1R,1,0,0,0,OPC
ZCCHC6,1,0,0,1,2
APH1B,1,0,0,0,OPC
RP11-472N13.3,1,0,0,0,OPC
HSCB,1,0,0,0,OPC
UNC5C,1,1,0,0,2
RP1-79C4.4,1,0,0,0,OPC
IPO8,1,0,0,0,OPC
SAMHD1,1,0,0,0,OPC
ITPR2,1,0,0,0,OPC
ZYG11B,1,0,0,0,OPC
RP11-50D16.4,1,0,0,1,2
LRPPRC,1,0,0,0,OPC
SREBF2,1,0,1,0,2
FAM49A,1,0,0,0,OPC
AC008937.2,1,0,0,1,2
RP11-148G20.1,1,0,0,1,2
CLIP4,1,0,0,0,OPC
RP11-586K2.1,1,0,0,0,OPC
WSCD1,1,1,0,0,2
MATN2,1,1,0,0,2
PPP2R5B,1,0,0,0,OPC
ADARB2,1,1,0,0,2
CREB5,1,0,0,0,OPC
PNCK,1,0,0,0,OPC
CENPV,1,0,0,0,OPC
MIR137HG,1,0,0,0,OPC
SUMF1,1,0,0,0,OPC
PTN,1,1,0,0,2
NEK11,1,0,0,0,OPC
KCNQ3,1,0,0,1,2
RP11-6J21.2,1,0,0,1,2
ADCK3,1,0,0,0,OPC
MMD,1,0,0,0,OPC
FGFR3,1,0,0,0,OPC
PKP2,1,0,0,0,OPC
EYS,1,1,0,0,2
GPC6,1,0,0,0,OPC
SOCS4,1,0,0,0,OPC
EYA3,1,0,0,1,2
ZSWIM6,1,0,0,0,OPC
RTTN,1,0,0,0,OPC
PRKCH,1,0,0,0,OPC
PARK2,1,0,0,0,OPC
RP11-797A18.5,1,0,0,0,OPC
GABRB1,1,0,0,0,OPC
CORO1C,1,1,0,0,2
CDC42BPA,1,0,0,0,OPC
NINJ2,1,0,0,0,OPC
CH17-437K3.1,1,0,0,0,OPC
KLF15,1,0,0,0,OPC
HTRA1,1,0,1,0,2
RP11-617D20.1,1,0,0,0,OPC
SAMSN1,1,0,0,0,OPC
ZNF559-ZNF177,1,0,0,0,OPC
LPGAT1,1,0,0,0,OPC
ST8SIA1,1,0,0,0,OPC
KLRC3,1,0,0,0,OPC
FRS2,1,0,0,0,OPC
PPFIBP2,1,0,0,0,OPC
CIT,1,0,0,0,OPC
EIF4ENIF1,1,0,0,0,OPC
RP11-210H10--A.1,1,0,0,0,OPC
CSMD3,1,0,0,0,OPC
TAF10,1,0,0,0,OPC
ZNF225,1,0,0,0,OPC
STK32A,1,0,0,0,OPC
NPAS2,1,0,0,0,OPC
PCDH11Y,1,0,0,0,OPC
SRP54,1,0,0,0,OPC
KDM5D,1,0,0,1,2
CTD-2189E23.1,1,0,0,0,OPC
CACNA2D3,1,0,1,0,2
FAM118A,1,0,0,1,2
ATP1B2,1,0,0,0,OPC
TMEM206,1,0,0,0,OPC
TM2D3,1,0,0,0,OPC
RP11-323P17.1,1,0,0,0,OPC
KLHL28,1,0,0,0,OPC
AKAP7,1,1,0,0,2
NMNAT3,1,0,0,0,OPC
PATJ,1,0,0,0,OPC
CALN1,1,0,0,0,OPC
ATP11B,1,0,0,0,OPC
CTD-2026K11.6,1,0,0,0,OPC
ZNF750,1,0,0,0,OPC
TTLL4,1,0,0,0,OPC
NBAS,1,0,0,0,OPC
ADAMTS20,1,0,0,0,OPC
SGSM1,1,0,0,0,OPC
SLC35F3,1,0,0,0,OPC
ATXN8OS,1,0,0,0,OPC
SLC7A5,1,0,0,0,OPC
TIMM44,1,0,0,0,OPC
NKX2-2,1,1,0,0,2
IWS1,1,0,0,0,OPC
CDH20,1,0,0,0,OPC
FREM2,1,0,0,0,OPC
CSNK1A1,1,0,0,0,OPC
RP11-169K16.9,1,0,0,0,OPC
ZFAND3,1,0,0,0,OPC
FERMT1,1,0,0,1,2
KSR2,1,0,0,0,OPC
ME3,1,0,0,0,OPC
AC005592.2,1,0,0,0,OPC
CDC37,1,0,0,0,OPC
OLFM2,1,0,0,0,OPC
VPS13C,1,0,0,0,OPC
DENND2A,1,0,0,0,OPC
MYCNOS,1,0,0,0,OPC
MROH9,1,0,0,0,OPC
TMEM176B,1,0,0,0,OPC
ZRANB2,1,0,0,0,OPC
PMP2,1,0,0,1,2
SEC23A,1,0,0,0,OPC
KHDRBS2,1,0,1,0,2
MPHOSPH8,1,0,0,0,OPC
AMER2,1,0,0,0,OPC
FPGT-TNNI3K,1,0,0,0,OPC
ANOS1,1,0,0,1,2
SMAD3,1,0,0,0,OPC
MLLT4,1,1,0,0,2
AC074391.1,1,0,0,1,2
CCDC186,1,0,0,0,OPC
RP11-220I1.1,1,0,0,0,OPC
KLHL24,1,0,0,0,OPC
NXPE3,1,0,0,0,OPC
ARHGAP35,1,0,0,0,OPC
CTB-118P15.2,1,0,0,0,OPC
KCNH7,1,0,1,0,2
MEIS1,1,0,1,0,2
HACL1,1,0,0,0,OPC
SFMBT2,1,0,1,0,2
SORL1,1,0,0,1,2
PLPP4,1,0,0,0,OPC
MOBP,1,0,0,0,OPC
TCN2,1,0,0,0,OPC
PRKACB,1,1,0,0,2
UQCRH,1,0,0,0,OPC
CCDC146,1,0,0,0,OPC
SEMA5B,1,0,0,0,OPC
KDM5A,1,0,0,0,OPC
RP11-436K8.1,1,0,0,0,OPC
TNFSF13B,1,0,0,0,OPC
NBPF1,1,0,0,0,OPC
TNRC6A,1,0,0,0,OPC
KRI1,1,0,0,0,OPC
CLSTN1,1,0,0,0,OPC
RP11-58B17.1,1,0,0,0,OPC
SEPP1,1,1,0,0,2
BRSK1,1,0,0,0,OPC
PTP4A1,1,0,0,1,2
C19orf66,1,0,0,0,OPC
EMC2,1,0,0,0,OPC
NT5C2,1,0,0,0,OPC
ASH2L,1,0,0,0,OPC
GRB2,1,0,0,0,OPC
SCP2,1,0,0,0,OPC
ERBB4,1,1,0,1,3
SDHA,1,0,0,0,OPC
RP1-146A15.1,1,0,0,0,OPC
CLASRP,1,0,0,0,OPC
TVP23C,1,0,0,0,OPC
MMP2,1,0,0,1,2
MMP16,1,0,0,0,OPC
ITGA8,1,0,0,0,OPC
CXorf28,1,0,0,0,OPC
MFSD2B,1,0,0,0,OPC
CHST3,1,0,0,0,OPC
RP11-30C8.2,1,0,0,0,OPC
GIPC1,1,0,0,0,OPC
MUM1,1,0,1,0,2
FREM1,1,0,0,0,OPC
SASH1,1,0,0,0,OPC
COL4A3,1,0,0,0,OPC
STIM1,1,0,0,0,OPC
CTD-2230D16.1,1,0,0,0,OPC
TRPC1,1,0,1,0,2
CCDC14,1,0,0,0,OPC
CAPZA1,1,0,0,0,OPC
RALYL,1,0,0,0,OPC
ZMYND8,1,0,0,1,2
CTB-131B5.5,1,0,0,1,2
MTCP1,1,0,0,0,OPC
SH3RF3,1,0,0,1,2
TMEM198B,1,0,0,0,OPC
ZDHHC14,1,1,0,0,2
ATP13A3,1,0,0,0,OPC
SLC8A2,1,0,0,0,OPC
ADORA1,1,0,0,0,OPC
ARHGAP18,1,0,0,0,OPC
PTP4A2,1,0,0,0,OPC
SULF2,1,0,0,0,OPC
PNISR,1,1,0,0,2
RRAS2,1,0,0,0,OPC
SSFA2,1,0,0,0,OPC
RAPGEF2,1,0,0,0,OPC
MT-ATP6,1,0,0,0,OPC
CXXC5,1,0,0,0,OPC
WWP2,1,0,0,0,OPC
MCL1,1,0,0,0,OPC
RASSF4,1,1,0,0,2
GS1-114I9.3,1,0,0,0,OPC
PDE3B,1,0,0,0,OPC
LTBP1,1,1,0,0,2
C5orf17,1,1,0,1,3
RP11-776H12.1,1,0,0,0,OPC
C1orf61,1,0,0,0,OPC
RP11-103J8.1,1,0,0,0,OPC
IQSEC2,1,0,0,0,OPC
SMIM2-AS1,1,0,0,0,OPC
MAML3,1,0,0,0,OPC
CCDC175,1,0,0,0,OPC
KLHL1,1,0,0,0,OPC
ADCK1,1,0,0,0,OPC
RP11-179A16.1,1,0,1,0,2
PDZRN4,1,0,0,0,OPC
RP11-460M2.1,1,0,0,0,OPC
RP11-384E5.2,1,0,0,0,OPC
RPH3A,1,0,0,0,OPC
PIP5K1B,1,0,0,0,OPC
EGFR,1,0,0,0,OPC
RPL18,1,0,0,0,OPC
NAT8L,1,0,0,0,OPC
KYNU,1,0,0,0,OPC
TXNIP,1,1,0,0,2
SHANK2,1,0,0,0,OPC
IQCJ-SCHIP1,1,0,0,0,OPC
ADGRG1,1,0,0,0,OPC
VPS45,1,0,0,0,OPC
MERTK,1,0,0,1,2
MAF,1,0,0,0,OPC
RP11-308N19.1,1,0,0,0,OPC
MGAT4A,1,0,0,1,2
SPRED1,1,0,0,0,OPC
CREB1,1,0,0,0,OPC
ATP2B1,1,0,0,0,OPC
NDRG3,1,0,0,0,OPC
PDE4B,1,0,0,0,OPC
RP11-345J4.8,1,0,0,0,OPC
WDR17,1,1,0,0,2
CACNG5,1,0,0,0,OPC
HIF3A,1,0,1,0,2
LHPP,1,0,0,0,OPC
RUNDC3B,1,0,0,0,OPC
RNF180,1,0,0,0,OPC
PTPRM,1,0,0,0,OPC
TLE1,1,0,1,0,2
CACNA1A,1,0,0,0,OPC
GSG1L,1,0,0,0,OPC
TTC39B,1,0,0,0,OPC
GBF1,1,0,0,0,OPC
ADRA1A,1,0,0,0,OPC
ARAP2,1,0,0,0,OPC
GINS3,1,0,0,1,2
RP11-278H7.1,1,0,0,0,OPC
LRAT,1,0,0,0,OPC
TSPAN7,1,0,0,0,OPC
PHF6,1,0,0,0,OPC
PRDX4,1,0,0,0,OPC
RPAP1,1,0,0,0,OPC
CD47,1,0,0,0,OPC
SUGP2,1,0,0,0,OPC
AGAP6,1,0,0,0,OPC
RAB31,1,0,0,1,2
SLU7,1,0,0,0,OPC
MDFI,1,0,0,0,OPC
FANCC,1,0,0,0,OPC
BRD8,1,0,0,0,OPC
KCNMA1,1,0,0,0,OPC
CPEB4,1,0,0,0,OPC
FBN2,1,0,0,1,2
RP11-384J4.2,1,0,0,0,OPC
GALR1,1,0,0,0,OPC
ROBO2,1,0,0,0,OPC
PPM1L,1,1,0,0,2
RP11-397E7.6,1,0,0,0,OPC
BEST3,1,0,0,0,OPC
ADAMTS17,1,0,0,1,2
CENPP,1,0,0,0,OPC
LBR,1,1,0,0,2
FSD2,1,0,0,0,OPC
ANKHD1,1,0,0,0,OPC
GRB10,1,1,0,0,2
SYNE2,1,0,0,0,OPC
SMAD5,1,0,0,1,2
NEDD4,1,1,0,0,2
ASPM,1,0,0,0,OPC
NEK10,1,1,0,0,2
CSGALNACT1,1,0,0,0,OPC
UTP23,1,0,0,0,OPC
OSBP2,1,0,0,0,OPC
ADAM33,1,0,0,0,OPC
PEG10,1,0,0,0,OPC
CHST8,1,0,0,0,OPC
RNF24,1,0,0,0,OPC
ALDH1L1,1,0,0,0,OPC
GNAO1,1,1,0,0,2
REV3L,1,0,0,0,OPC
RASGEF1B,1,0,1,0,2
BAZ1A,1,0,0,0,OPC
TNS3,1,0,0,0,OPC
ACSL3,1,0,0,0,OPC
MIR100HG,1,0,0,0,OPC
EPB41L2,1,0,0,1,2
TNKS,1,0,0,0,OPC
FAM111A,1,0,0,0,OPC
CRTAC1,1,0,0,0,OPC
AARS,1,0,0,0,OPC
CHAMP1,1,0,0,0,OPC
SGCB,1,0,0,0,OPC
EPS8,1,1,0,0,2
BMPR1B,1,0,0,0,OPC
PTPRJ,1,0,0,1,2
TPCN2,1,0,0,0,OPC
NEK5,1,0,0,0,OPC
ADAMTS6,1,0,1,0,2
ZNF469,1,0,0,0,OPC
TMTC2,1,0,0,0,OPC
FNDC3B,1,0,0,0,OPC
SOX11,1,0,0,0,OPC
EZH2,1,0,0,0,OPC
DTNA,1,0,0,1,2
FGF14,1,0,0,0,OPC
ABCC8,1,0,0,0,OPC
NCOR2,1,1,0,0,2
RP11-293N1.1,1,0,0,0,OPC
MGLL,1,0,0,0,OPC
PAK1,1,1,0,0,2
TLE2,1,0,0,0,OPC
SYTL4,1,0,1,0,2
NFATC2IP,1,0,0,0,OPC
AJAP1,1,0,0,0,OPC
TCF7L2,1,0,0,0,OPC
GABRB2,1,0,0,0,OPC
MIR99AHG,1,0,0,1,2
PCNT,1,0,0,0,OPC
PTAFR,1,0,0,1,2
MAP7,1,0,0,0,OPC
ARHGAP24,1,0,0,1,2
HERC6,1,0,0,0,OPC
NAALADL2,1,0,0,0,OPC
SLC19A2,1,0,0,1,2
CA1,1,0,0,0,OPC
CCDC25,1,0,0,0,OPC
RFX3,1,0,0,0,OPC
TMEM214,1,0,0,0,OPC
LRRC1,1,1,1,0,3
BIRC2,1,0,0,0,OPC
AC074363.1,1,0,0,0,OPC
EPHA6,1,0,1,0,2
ADD3,1,0,0,0,OPC
KCND3,1,0,0,0,OPC
CADM1,1,0,0,0,OPC
ZNF148,1,0,0,0,OPC
KDM4C,1,0,0,0,OPC
MAP4K3,1,0,0,0,OPC
GBP3,1,0,0,0,OPC
RP11-1078H9.5,1,0,0,0,OPC
ZNF804A,1,0,0,0,OPC
GRIN2D,1,0,0,0,OPC
CDK8,1,0,0,0,OPC
CNTN6,1,0,0,0,OPC
PACRG,1,0,0,0,OPC
SPECC1,1,0,0,0,OPC
LARGE,1,0,0,0,OPC
AC093734.11,1,0,0,0,OPC
FLRT2,1,0,1,0,2
AGPAT4,1,0,0,0,OPC
PDPK1,1,0,0,0,OPC
SLC9A1,1,0,0,0,OPC
CTD-2335A18.1,1,0,0,0,OPC
SEL1L3,1,0,0,0,OPC
SHISA9,1,0,0,0,OPC
AC079610.1,1,0,0,0,OPC
JPX,1,0,0,0,OPC
TIMM50,1,0,0,0,OPC
ATE1,1,0,0,1,2
TTLL6,1,0,0,0,OPC
KLHDC2,1,0,0,0,OPC
ASAP1,1,1,0,0,2
CPNE5,1,0,0,0,OPC
SLC24A3,1,0,0,0,OPC
SESN3,1,1,0,0,2
COLGALT2,1,0,0,0,OPC
FAM133A,1,0,0,0,OPC
C6orf120,1,0,0,0,OPC
RP11-473M20.7,1,0,0,1,2
ATP13A4,1,0,0,1,2
TAF3,1,0,0,0,OPC
C15orf41,1,0,0,0,OPC
TENM3,1,1,0,0,2
SLC25A36,1,0,0,0,OPC
GAD1,1,0,0,0,OPC
IFNGR1,1,0,0,1,2
BACE1,1,0,0,0,OPC
EPHB2,1,0,0,0,OPC
KCNQ5,1,0,0,0,OPC
CYB5B,1,0,0,1,2
PC,1,0,0,0,OPC
ZNF202,1,0,0,0,OPC
VCAN,1,0,0,0,OPC
C18orf54,1,0,0,0,OPC
KIF5B,1,0,0,0,OPC
BAZ2B,1,0,0,0,OPC
GRIP1,1,0,0,0,OPC
CCDC28A,1,0,0,0,OPC
GPR17,1,0,0,0,OPC
RAB20,1,0,0,0,OPC
INTS10,1,0,0,0,OPC
SUZ12P,1,0,0,0,OPC
TEK,1,0,0,1,2
GULP1,1,0,0,1,2
ADCY2,1,0,0,0,OPC
NBN,1,0,0,0,OPC
ACAT1,1,0,0,0,OPC
PCDH7,1,0,0,0,OPC
TPD52L1,1,0,0,0,OPC
TMCC3,1,0,0,0,OPC
ATP2C2,1,0,0,0,OPC
SORBS1,1,0,0,0,OPC
CLDN11,1,0,0,0,OPC
KIAA1217,1,0,0,0,OPC
ZFAND4,1,0,0,0,OPC
ZFYVE16,1,1,1,0,3
LINC00461,1,0,1,0,2
CSPG4,1,0,0,0,OPC
SLC35F1,1,0,0,0,OPC
TCF7L1,1,0,0,0,OPC
TRIM67,1,0,0,0,OPC
PDE1C,1,1,0,0,2
TMEM237,1,0,0,0,OPC
SRGAP3,1,0,0,0,OPC
ZER1,1,0,0,0,OPC
FRMD5,1,0,1,0,2
DGKG,1,0,1,0,2
RP11-159F24.1,1,0,0,0,OPC
ZNF283,1,0,0,0,OPC
NEAT1,1,0,0,1,2
CTD-2066L21.3,1,0,0,0,OPC
PSEN2,1,0,0,0,OPC
DKK3,1,0,0,0,OPC
DNAJC21,1,0,0,0,OPC
AC005752.10,1,0,0,0,OPC
IGSF11,1,0,0,0,OPC
TSC22D1,1,0,0,0,OPC
MB21D2,1,0,0,1,2
UTRN,1,0,0,0,OPC
VIPR2,1,0,0,0,OPC
SPOCK3,1,0,1,0,2
RP11-761I4.3,1,0,0,0,OPC
C7orf60,1,0,0,0,OPC
DDX60L,1,0,0,0,OPC
ARHGAP21,1,0,0,1,2
XPR1,1,0,0,0,OPC
HK1,1,0,0,0,OPC
CUL4B,1,0,0,0,OPC
RAI14,1,0,0,0,OPC
LRP1B,1,1,0,0,2
CDK18,1,0,0,0,OPC
ADAM28,1,0,0,1,2
TMEM232,1,1,0,0,2
GALNT14,1,0,0,0,OPC
MED20,1,0,0,0,OPC
MIPOL1,1,1,0,0,2
AFF3,1,0,0,1,2
PDK1,1,0,0,0,OPC
BLOC1S6,1,0,0,0,OPC
ENPP6,1,0,0,0,OPC
DGKB,1,0,1,0,2
CFAP161,1,0,0,0,OPC
MEIS2,1,1,0,0,2
SLC9B1,1,0,0,0,OPC
EGR1,1,0,1,0,2
SEMA3C,1,0,0,0,OPC
SPARCL1,1,0,1,0,2
INPP4B,1,0,0,0,OPC
CHL1,1,0,0,0,OPC
NLK,1,0,0,1,2
ARL15,1,0,0,0,OPC
RP11-381K20.2,1,1,0,0,2
CLSTN2,1,0,0,0,OPC
CLCN7,1,0,0,1,2
RAB10,1,0,1,0,2
NFIA,1,1,0,0,2
CH17-189H20.1,1,0,0,0,OPC
HSP90B1,1,1,1,0,3
USP28,1,0,0,0,OPC
PPFIBP1,1,0,0,0,OPC
CEP250,1,0,0,0,OPC
IQSEC1,1,0,0,0,OPC
RP11-551L14.5,1,0,0,0,OPC
TMEM132B,1,0,1,0,2
PRPSAP1,1,0,0,0,OPC
FOS,1,0,0,1,2
RP11-368L12.1,1,0,0,0,OPC
RP1-158P9.2,1,0,1,0,2
DYNC2H1,1,0,0,0,OPC
NCKAP1,1,1,0,0,2
CENPJ,1,0,0,0,OPC
TPM1,1,0,0,0,OPC
RHBDL3,1,0,0,0,OPC
TMEM200C,1,0,0,0,OPC
LIMD1,1,0,0,0,OPC
CCDC60,1,0,0,0,OPC
SPEN,1,0,1,0,2
RP5-1070A16.1,1,0,0,0,OPC
NBPF11,1,0,0,0,OPC
FAM104B,1,0,0,0,OPC
PRUNE2,1,1,0,0,2
ACADL,1,0,0,0,OPC
CEP104,1,0,0,0,OPC
TSHZ2,1,0,0,0,OPC
AZIN2,1,0,0,0,OPC
ZHX2,1,0,0,0,OPC
UNC13C,1,0,0,0,OPC
C1orf21,1,0,0,0,OPC
RBFOX1,1,1,1,0,3
SMARCD2,1,0,0,0,OPC
MIRLET7BHG,1,0,0,0,OPC
BCAS1,1,1,0,0,2
RORA,1,0,0,0,OPC
ST6GALNAC5,1,0,0,0,OPC
RP11-379H18.1,1,0,0,0,OPC
CDH18,1,0,0,0,OPC
ZBTB16,1,0,0,0,OPC
RP11-120J1.1,1,0,0,0,OPC
GOLPH3,1,0,0,0,OPC
ZBTB20,1,0,0,0,OPC
CELF2,1,0,0,0,OPC
CCDC112,1,0,0,0,OPC
GRIA1,1,1,0,0,2
CYP3A5,1,0,0,0,OPC
COMMD7,1,0,0,0,OPC
PLG,1,0,0,0,OPC
AP3B2,1,0,0,0,OPC
OSBPL1A,1,0,0,0,OPC
CTD-2192D1.1,1,0,0,0,OPC
AC064875.2,1,0,0,0,OPC
SAMD12,1,0,0,0,OPC
CYP7B1,1,0,0,0,OPC
LRRC7,1,0,0,0,OPC
RP11-848P1.9,1,0,0,0,OPC
GYPC,1,0,0,0,OPC
BEND4,1,0,0,0,OPC
KIAA0319,1,0,0,0,OPC
SGCZ,1,0,1,0,2
ZNF649,1,0,0,0,OPC
FAM19A1,1,0,0,1,2
KLHL4,1,0,0,0,OPC
RP11-631M6.2,1,0,0,0,OPC
RFWD3,1,0,0,0,OPC
ARVCF,1,0,0,0,OPC
FKBP5,1,1,1,0,3
WASHC2A,1,0,0,0,OPC
MRPL35,1,0,0,0,OPC
SLC7A6OS,1,0,0,0,OPC
GATB,1,0,0,0,OPC
WDR91,1,0,0,0,OPC
NRXN3,1,0,1,0,2
C14orf93,1,0,0,0,OPC
NUP98,1,0,0,0,OPC
RANBP17,1,1,0,0,2
ADGRL3,1,0,0,0,OPC
DENND4A,1,0,0,0,OPC
ARRB2,1,0,0,0,OPC
CERS2,1,0,0,0,OPC
PHLDB1,1,0,0,0,OPC
FGF12,1,0,0,0,OPC
NOS1AP,1,0,0,0,OPC
RP11-886D15.1,1,0,0,0,OPC
DHX57,1,0,0,0,OPC
FAM69A,1,0,0,0,OPC
AP000279.69,1,0,0,0,OPC
SEMA6A,1,0,0,0,OPC
CTC-467M3.1,1,0,0,0,OPC
RP11-463J10.2,1,0,0,0,OPC
C10orf11,1,0,1,1,3
FAM71D,1,0,0,0,OPC
CHRDL1,1,0,0,0,OPC
CREM,1,0,0,1,2
GNG4,1,0,0,0,OPC
ANO3,1,0,0,0,OPC
AC005537.2,1,0,0,0,OPC
PPP2R2B,1,0,0,1,2
REEP1,1,1,0,0,2
NOVA1,1,0,0,0,OPC
HIVEP1,1,0,1,0,2
AC091814.2,1,0,0,0,OPC
CA10,1,0,0,0,OPC
ZEB1,1,0,0,0,OPC
RP11-631N16.2,1,0,0,0,OPC
SUSD4,1,0,0,0,OPC
CSNK1G1,1,0,0,0,OPC
ACTL6B,1,0,0,0,OPC
C9orf37,1,0,0,0,OPC
HYPK,1,0,0,0,OPC
CTC-358I24.1,1,0,0,0,OPC
PDGFRA,1,0,0,0,OPC
KHK,1,0,0,0,OPC
GALNT8,1,0,0,0,OPC
ANK2,1,0,1,0,2
ATRNL1,1,0,0,0,OPC
FBXO31,1,0,0,0,OPC
DNPH1,1,0,0,0,OPC
TMX1,1,0,0,0,OPC
CTC-260E6.6,1,0,0,0,OPC
DPYD,1,0,0,1,2
SSR3,1,0,0,0,OPC
ASNA1,1,0,0,0,OPC
LDLRAD4,1,0,0,0,OPC
TRAM2,1,0,0,0,OPC
PSMD5,1,0,0,0,OPC
CTA-215D11.6,1,0,0,0,OPC
TAOK3,1,0,0,0,OPC
NKAIN3,1,0,1,0,2
RP4-555D20.2,1,0,0,0,OPC
YIPF5,1,0,0,0,OPC
CTD-3006G17.2,1,0,0,0,OPC
NEDD1,1,0,0,0,OPC
KLHL11,1,0,0,0,OPC
RP11-752D24.3,1,0,0,0,OPC
SMC1A,1,0,0,0,OPC
TMEM33,1,0,0,0,OPC
PEPD,1,0,0,0,OPC
SLC41A3,1,0,0,0,OPC
PBX4,1,0,0,0,OPC
ZMYND19,1,0,0,0,OPC
PCDH15,1,0,0,0,OPC
SYT6,1,0,0,1,2
MAP3K5,1,0,0,1,2
TTR,1,0,0,0,OPC
FKBP14,1,0,0,0,OPC
TANC2,1,0,0,1,2
BRMS1,1,0,0,0,OPC
DNAJB1,1,0,0,0,OPC
WNT7A,1,0,0,0,OPC
AUTS2,1,0,0,0,OPC
RP11-62I21.1,1,0,0,0,OPC
SEMA6D,1,0,0,0,OPC
KDM8,1,0,0,0,OPC
JAZF1,1,1,0,1,3
RP11-406A9.2,1,0,0,0,OPC
LSAMP,1,1,0,0,2
PCNX3,1,0,0,1,2
POFUT1,1,0,0,0,OPC
RPL23AP79,1,0,0,0,OPC
AC074141.3,1,0,0,0,OPC
ZNF287,1,0,0,0,OPC
CPO,1,0,0,0,OPC
RP11-327J17.3,1,0,0,0,OPC
PTPRZ1,1,0,0,0,OPC
PHKG2,1,0,0,0,OPC
EGFEM1P,1,0,0,0,OPC
CCSER1,1,0,0,0,OPC
THBS3,1,0,0,0,OPC
FLT3,1,0,0,0,OPC
RP11-646I6.3,1,0,0,0,OPC
HS6ST3,1,0,0,0,OPC
EXOC8,1,0,0,0,OPC
RP11-31F15.2,1,0,0,0,OPC
MAP2,1,0,0,0,OPC
AC007193.6,1,0,0,0,OPC
TMEM208,1,0,0,0,OPC
COPS7B,1,0,0,0,OPC
TTPA,1,0,0,0,OPC
SOX2-OT,1,0,0,0,OPC
SRPX2,1,0,1,0,2
EFCAB1,1,0,0,0,OPC
UAP1,1,0,0,0,OPC
AP000233.4,1,0,0,0,OPC
C1QTNF7,1,0,0,0,OPC
TRIO,1,0,0,0,OPC
CNTN5,1,0,0,0,OPC
RBM5-AS1,1,0,0,0,OPC
BHLHE22,1,0,0,0,OPC
PAQR6,1,0,0,0,OPC
ZSWIM4,0,1,0,0,OLIG
CPB1,0,1,0,0,OLIG
GREB1L,0,1,0,0,OLIG
ERCC1,0,1,0,0,OLIG
RFT1,0,1,0,0,OLIG
PSMD14,0,1,0,0,OLIG
AC108142.1,0,1,0,0,OLIG
UTY,0,1,1,1,3
COX5B,0,1,0,1,2
RPL23,0,1,0,0,OLIG
GTF3C6,0,1,0,0,OLIG
USP53,0,1,1,0,2
FOXK2,0,1,0,0,OLIG
RP11-729M20.1,0,1,0,0,OLIG
SNRNP70,0,1,0,0,OLIG
DGKE,0,1,0,0,OLIG
KHDRBS3,0,1,0,0,OLIG
THAP6,0,1,1,0,2
NMUR2,0,1,0,0,OLIG
DAP,0,1,0,0,OLIG
DAP3,0,1,0,0,OLIG
TTC9C,0,1,0,0,OLIG
SMARCC1,0,1,0,0,OLIG
TOX3,0,1,0,0,OLIG
GAS2,0,1,0,0,OLIG
ZBED4,0,1,0,1,2
INSR,0,1,0,1,2
RPS29,0,1,0,0,OLIG
CMTM4,0,1,0,0,OLIG
NLN,0,1,0,0,OLIG
POM121,0,1,0,0,OLIG
NCSTN,0,1,0,0,OLIG
RP11-553A10.2,0,1,0,0,OLIG
AATK,0,1,0,0,OLIG
AOAH,0,1,0,1,2
TFAP2E,0,1,0,0,OLIG
PLEKHH1,0,1,0,1,2
RP11-456A18.1,0,1,0,0,OLIG
FBXO32,0,1,0,0,OLIG
PCSK6,0,1,0,0,OLIG
DIMT1,0,1,0,0,OLIG
ARHGEF2,0,1,0,0,OLIG
CTD-2527I21.11,0,1,0,0,OLIG
SUGT1,0,1,0,0,OLIG
AL035209.2,0,1,0,0,OLIG
ASAP2,0,1,0,0,OLIG
FA2H,0,1,0,0,OLIG
SH3BP5,0,1,0,0,OLIG
PLXNB3,0,1,0,0,OLIG
BCAT1,0,1,0,0,OLIG
PSAP,0,1,0,0,OLIG
CCNT2,0,1,0,0,OLIG
RP11-259K15.3,0,1,1,0,2
ATF7IP,0,1,0,0,OLIG
CATSPERG,0,1,0,0,OLIG
RNFT2,0,1,0,0,OLIG
RP11-477J21.7,0,1,0,0,OLIG
DLAT,0,1,0,0,OLIG
LACC1,0,1,0,0,OLIG
FGGY,0,1,0,0,OLIG
C16orf88,0,1,1,0,2
LAS1L,0,1,0,0,OLIG
CCDC149,0,1,0,0,OLIG
TBCB,0,1,0,0,OLIG
AC091969.1,0,1,0,0,OLIG
AP3M2,0,1,0,0,OLIG
FAT2,0,1,0,1,2
COL6A6,0,1,0,0,OLIG
SUPT5H,0,1,0,0,OLIG
OPTN,0,1,0,0,OLIG
RNF111,0,1,0,0,OLIG
SIPA1L1,0,1,0,0,OLIG
TMEM120B,0,1,0,0,OLIG
ZNF608,0,1,0,0,OLIG
PPP6C,0,1,0,0,OLIG
WDR59,0,1,0,0,OLIG
EIF4G3,0,1,0,1,2
PAN2,0,1,0,0,OLIG
CADM4,0,1,0,0,OLIG
RP11-210M15.2,0,1,0,0,OLIG
RIOK3,0,1,0,0,OLIG
KBTBD3,0,1,0,0,OLIG
NOP14,0,1,0,0,OLIG
PIEZO2,0,1,0,1,2
MEGF10,0,1,0,0,OLIG
YARS,0,1,0,0,OLIG
RP11-65B7.2,0,1,0,0,OLIG
NTNG2,0,1,0,0,OLIG
FAM126A,0,1,0,0,OLIG
BBS2,0,1,1,0,2
SBF1,0,1,0,0,OLIG
CBL,0,1,0,0,OLIG
TTBK2,0,1,0,0,OLIG
ZNF107,0,1,0,0,OLIG
PRMT1,0,1,0,0,OLIG
SRPK1,0,1,0,0,OLIG
MEF2A,0,1,0,0,OLIG
C11orf73,0,1,0,0,OLIG
RP11-298D21.1,0,1,0,0,OLIG
RASAL1,0,1,0,0,OLIG
AP4S1,0,1,0,0,OLIG
KIF27,0,1,0,0,OLIG
FAM229B,0,1,0,0,OLIG
ACTR1B,0,1,0,0,OLIG
MAGEC3,0,1,0,0,OLIG
RP11-496D24.2,0,1,0,0,OLIG
UBA3,0,1,0,0,OLIG
RP13-104F24.2,0,1,0,0,OLIG
NUP210,0,1,0,0,OLIG
RILPL1,0,1,0,0,OLIG
MYO15B,0,1,1,0,2
KLHL3,0,1,0,0,OLIG
L3MBTL1,0,1,0,0,OLIG
TMEM9B,0,1,0,0,OLIG
EIF4E,0,1,0,0,OLIG
FAM171A1,0,1,0,0,OLIG
CHRM5,0,1,0,0,OLIG
FAM134B,0,1,1,0,2
TAB1,0,1,1,0,2
DCAF16,0,1,0,0,OLIG
ASPH,0,1,0,0,OLIG
TARSL2,0,1,0,0,OLIG
RRP1B,0,1,0,0,OLIG
CTA-292E10.6,0,1,0,0,OLIG
TRIM24,0,1,0,0,OLIG
EP400,0,1,0,0,OLIG
EPB41L1,0,1,0,0,OLIG
FBRS,0,1,0,0,OLIG
APOD,0,1,0,0,OLIG
RP11-323I15.5,0,1,0,0,OLIG
HDAC4,0,1,0,1,2
CAMK2N1,0,1,0,0,OLIG
MTSS1,0,1,0,0,OLIG
MANBA,0,1,0,0,OLIG
CERCAM,0,1,0,0,OLIG
MAPK8IP3,0,1,0,0,OLIG
YPEL2,0,1,1,0,2
ACTN2,0,1,0,0,OLIG
RIF1,0,1,0,1,2
TRAF3,0,1,0,1,2
GLCE,0,1,0,0,OLIG
ELF1,0,1,0,0,OLIG
CCT2,0,1,0,0,OLIG
MIB1,0,1,0,0,OLIG
DIS3L,0,1,0,0,OLIG
MPDU1,0,1,0,1,2
C6orf89,0,1,0,0,OLIG
SLC12A2,0,1,0,0,OLIG
RNF216,0,1,0,0,OLIG
GPATCH11,0,1,0,0,OLIG
PPP6R1,0,1,0,0,OLIG
HAGLR,0,1,0,0,OLIG
MT-RNR2,0,1,0,0,OLIG
SRSF3,0,1,1,0,2
AC012494.1,0,1,0,0,OLIG
RPS20,0,1,0,0,OLIG
BNIP3L,0,1,0,0,OLIG
CAMK2D,0,1,0,0,OLIG
DPYSL2,0,1,0,0,OLIG
DYNC1LI1,0,1,0,1,2
ZNF462,0,1,1,0,2
ATXN2,0,1,0,0,OLIG
RALGPS1,0,1,0,0,OLIG
HEG1,0,1,0,0,OLIG
RPL10,0,1,0,0,OLIG
RP11-799O21.2,0,1,0,0,OLIG
SF3B2,0,1,0,0,OLIG
CCDC138,0,1,0,0,OLIG
C16orf87,0,1,0,0,OLIG
KMT2E,0,1,0,1,2
CLASP1,0,1,0,0,OLIG
UBAP2L,0,1,0,0,OLIG
CTC-228N24.3,0,1,0,0,OLIG
ZSCAN5A,0,1,0,0,OLIG
NR2C1,0,1,0,0,OLIG
IMPAD1,0,1,0,1,2
C9orf84,0,1,0,1,2
HECTD1,0,1,0,0,OLIG
ARPP21,0,1,0,1,2
SLC36A1,0,1,0,0,OLIG
RP11-446H18.5,0,1,0,0,OLIG
CNTN1,0,1,0,0,OLIG
TYW1,0,1,0,0,OLIG
ZBTB25,0,1,0,0,OLIG
CHST10,0,1,0,0,OLIG
AC012593.1,0,1,0,0,OLIG
RP11-322M19.1,0,1,0,0,OLIG
ZFY,0,1,0,0,OLIG
SEC63,0,1,0,0,OLIG
MORF4L1,0,1,0,0,OLIG
SSR1,0,1,0,0,OLIG
NPL,0,1,1,0,2
CDH1,0,1,0,0,OLIG
EXD3,0,1,0,0,OLIG
OXR1,0,1,1,1,3
MAN2A2,0,1,0,0,OLIG
XPO1,0,1,0,1,2
SPP1,0,1,0,1,2
SEMA4C,0,1,0,0,OLIG
SMEK1,0,1,0,0,OLIG
USP24,0,1,0,1,2
ZNF493,0,1,0,0,OLIG
ZSCAN1,0,1,0,0,OLIG
ZMIZ2,0,1,0,0,OLIG
RSBN1L,0,1,0,0,OLIG
FAM13C,0,1,0,0,OLIG
ZNF138,0,1,0,0,OLIG
MAP2K4,0,1,0,1,2
ETAA1,0,1,0,0,OLIG
ACAP3,0,1,0,0,OLIG
ZHX3,0,1,0,0,OLIG
EIF3B,0,1,1,0,2
USP47,0,1,0,0,OLIG
NR1D2,0,1,0,0,OLIG
NRF1,0,1,0,0,OLIG
RBM28,0,1,1,0,2
MTCH1,0,1,0,0,OLIG
TMED4,0,1,0,0,OLIG
NAGLU,0,1,0,0,OLIG
EZH1,0,1,0,0,OLIG
TRIM66,0,1,0,0,OLIG
TSC2,0,1,0,0,OLIG
SRGAP1,0,1,0,0,OLIG
ARMCX3,0,1,0,0,OLIG
PIGT,0,1,0,0,OLIG
HNRNPA2B1,0,1,0,1,2
TMED10,0,1,0,1,2
CLCN4,0,1,1,0,2
SOGA1,0,1,0,0,OLIG
MPP2,0,1,0,0,OLIG
YY1,0,1,0,0,OLIG
TSG101,0,1,0,0,OLIG
ZNF24,0,1,0,0,OLIG
PPP2R2C,0,1,0,0,OLIG
AC012307.3,0,1,0,0,OLIG
TMEM63A,0,1,0,0,OLIG
USP5,0,1,0,0,OLIG
PON2,0,1,0,0,OLIG
HIST1H2AC,0,1,0,0,OLIG
FCHO1,0,1,0,0,OLIG
CREBRF,0,1,0,0,OLIG
SRP19,0,1,0,0,OLIG
SCRN1,0,1,0,0,OLIG
ATP6V0A1,0,1,0,0,OLIG
6-Mar,0,1,0,0,OLIG
GMPS,0,1,0,0,OLIG
BRAP,0,1,0,0,OLIG
CD59,0,1,0,0,OLIG
CSMD2,0,1,0,0,OLIG
CHMP7,0,1,0,0,OLIG
CPSF6,0,1,0,0,OLIG
LRRC4C,0,1,0,0,OLIG
GPR137C,0,1,0,0,OLIG
DYRK1A,0,1,0,0,OLIG
ZNF346,0,1,0,0,OLIG
TCEAL1,0,1,0,0,OLIG
CDK5RAP2,0,1,0,0,OLIG
HSPB11,0,1,0,0,OLIG
RP11-231E4.3,0,1,0,0,OLIG
RANGAP1,0,1,0,0,OLIG
NR3C1,0,1,0,0,OLIG
CLU,0,1,1,0,2
LINC00511,0,1,0,0,OLIG
RAB11FIP4,0,1,0,0,OLIG
CPEB3,0,1,0,1,2
RAD52,0,1,0,0,OLIG
ARNT,0,1,0,0,OLIG
UPF3B,0,1,0,1,2
CPNE2,0,1,0,0,OLIG
SPG11,0,1,0,0,OLIG
CHST6,0,1,0,0,OLIG
RNASE1,0,1,0,0,OLIG
NECAB1,0,1,0,0,OLIG
ASTN1,0,1,0,0,OLIG
KMT5C,0,1,0,0,OLIG
PRNP,0,1,0,0,OLIG
CPXM2,0,1,0,0,OLIG
NENF,0,1,0,0,OLIG
PUS7,0,1,0,0,OLIG
CEP85L,0,1,0,1,2
SERAC1,0,1,0,0,OLIG
KIF6,0,1,0,0,OLIG
KIAA0556,0,1,0,0,OLIG
RP11-339B21.12,0,1,0,0,OLIG
TF,0,1,1,0,2
NEK3,0,1,0,0,OLIG
ETS1,0,1,0,0,OLIG
ZNF333,0,1,0,0,OLIG
FAM168A,0,1,0,1,2
REEP5,0,1,0,0,OLIG
AC004945.2,0,1,0,0,OLIG
PTPRF,0,1,0,0,OLIG
DDX55,0,1,0,0,OLIG
DHX9,0,1,0,0,OLIG
RP11-116N8.4,0,1,1,0,2
NOTCH1,0,1,0,0,OLIG
SPTBN4,0,1,0,0,OLIG
BTBD2,0,1,0,0,OLIG
GPR62,0,1,0,0,OLIG
POLR3A,0,1,1,0,2
TBRG1,0,1,0,1,2
ERGIC1,0,1,0,0,OLIG
SHISA7,0,1,0,0,OLIG
FAM188A,0,1,0,0,OLIG
MGAT5,0,1,0,1,2
HSPA4,0,1,0,0,OLIG
GABPB2,0,1,0,0,OLIG
MAL,0,1,0,0,OLIG
MIB2,0,1,0,0,OLIG
C1orf101,0,1,1,0,2
MSL2,0,1,0,0,OLIG
SNHG5,0,1,0,0,OLIG
RGS7,0,1,0,0,OLIG
AMBRA1,0,1,0,0,OLIG
PLCG1,0,1,1,0,2
RP11-783N5.1,0,1,1,0,2
FAM19A4,0,1,0,0,OLIG
KIAA1841,0,1,0,0,OLIG
DAD1,0,1,0,1,2
COL9A2,0,1,0,0,OLIG
H3F3B,0,1,0,1,2
NFIB,0,1,0,0,OLIG
PLA2G16,0,1,0,0,OLIG
MAPKAPK5,0,1,0,0,OLIG
FAM160B1,0,1,0,0,OLIG
SRSF5,0,1,0,0,OLIG
SUCO,0,1,0,0,OLIG
CEP290,0,1,0,0,OLIG
SPTLC2,0,1,0,1,2
FAIM2,0,1,0,0,OLIG
MPST,0,1,0,0,OLIG
HNRNPDL,0,1,0,0,OLIG
BRAF,0,1,0,0,OLIG
ARHGAP1,0,1,0,0,OLIG
VWA1,0,1,0,0,OLIG
FCHSD2,0,1,0,0,OLIG
PRKCI,0,1,0,0,OLIG
RP11-862P13.1,0,1,0,0,OLIG
USP34,0,1,0,0,OLIG
FOXO3,0,1,0,1,2
C21orf131,0,1,0,0,OLIG
EPC1,0,1,0,0,OLIG
NOCT,0,1,0,0,OLIG
LAMA2,0,1,0,0,OLIG
RASGRF1,0,1,0,0,OLIG
AF131217.1,0,1,0,0,OLIG
GPHN,0,1,0,0,OLIG
CROCCP2,0,1,1,0,2
ATP2B4,0,1,0,0,OLIG
FUT9,0,1,0,0,OLIG
BCR,0,1,0,0,OLIG
ATXN7L1,0,1,0,0,OLIG
IGSF1,0,1,0,0,OLIG
ATG13,0,1,0,0,OLIG
PREX2,0,1,0,0,OLIG
AFF1,0,1,0,0,OLIG
TTC7B,0,1,0,0,OLIG
LUZP2,0,1,1,0,2
DSCAML1,0,1,0,0,OLIG
MEG3,0,1,0,0,OLIG
CNDP1,0,1,0,0,OLIG
GRID2,0,1,1,1,3
AC007349.4,0,1,0,0,OLIG
CAMTA1,0,1,0,0,OLIG
CLOCK,0,1,0,0,OLIG
BBX,0,1,0,1,2
FOXJ3,0,1,0,0,OLIG
RAB3IP,0,1,0,0,OLIG
STRADA,0,1,0,0,OLIG
SAMD4A,0,1,0,0,OLIG
GPR37,0,1,0,0,OLIG
MPDZ,0,1,0,0,OLIG
FAM69C,0,1,0,0,OLIG
CRYBG3,0,1,0,0,OLIG
GRIK2,0,1,0,0,OLIG
LANCL1,0,1,0,0,OLIG
DAPK2,0,1,0,0,OLIG
MAPK8,0,1,1,0,2
KLHDC4,0,1,0,0,OLIG
BICC1,0,1,1,0,2
MICU3,0,1,0,0,OLIG
TPPP,0,1,0,0,OLIG
RP11-384F7.2,0,1,0,0,OLIG
USP8,0,1,0,0,OLIG
SYNE1,0,1,1,0,2
DPP6,0,1,0,0,OLIG
STEAP1B,0,1,0,0,OLIG
CCP110,0,1,0,1,2
PTPN4,0,1,0,0,OLIG
EPB41L3,0,1,0,0,OLIG
RRP36,0,1,0,0,OLIG
TPD52,0,1,0,1,2
RALGAPA1,0,1,1,0,2
RP11-33N16.3,0,1,0,0,OLIG
SPIN3,0,1,0,0,OLIG
NPTX2,0,1,0,0,OLIG
ERMN,0,1,0,0,OLIG
RP11-141M1.3,0,1,0,0,OLIG
TANC1,0,1,0,0,OLIG
ZNF83,0,1,0,1,2
CHD9,0,1,0,0,OLIG
PPP4R2,0,1,1,0,2
ELOVL7,0,1,0,0,OLIG
ITGB8,0,1,0,0,OLIG
CNKSR2,0,1,0,0,OLIG
ZNF445,0,1,0,0,OLIG
ANKRD44,0,1,1,0,2
WDPCP,0,1,0,0,OLIG
SKA2,0,1,0,0,OLIG
CDH11,0,1,0,0,OLIG
SMIM7,0,1,0,0,OLIG
PDCD1LG2,0,1,0,1,2
TMEM135,0,1,0,0,OLIG
CCDC122,0,1,0,0,OLIG
GNAI1,0,1,0,0,OLIG
TTLL11,0,1,0,0,OLIG
MMAB,0,1,0,0,OLIG
ABHD17B,0,1,0,0,OLIG
SGIP1,0,1,1,0,2
RP11-320P7.2,0,1,0,0,OLIG
FRMD8,0,1,0,0,OLIG
SETD7,0,1,0,0,OLIG
RAB27A,0,1,0,0,OLIG
USP31,0,1,0,0,OLIG
ADGRE5,0,1,0,0,OLIG
THSD7A,0,1,1,0,2
ANAPC10,0,1,0,0,OLIG
HNRNPA1,0,1,0,0,OLIG
ANKRD17,0,1,0,0,OLIG
DTNB,0,1,0,1,2
JUN,0,1,0,1,2
GPR135,0,1,0,0,OLIG
CTNNA3,0,1,0,0,OLIG
PPP1R21,0,1,0,0,OLIG
SCRG1,0,1,0,1,2
DPY19L3,0,1,0,0,OLIG
FRK,0,1,0,0,OLIG
SMARCAD1,0,1,0,0,OLIG
WASHC3,0,1,0,0,OLIG
ADCY3,0,1,0,1,2
PDE1A,0,1,0,0,OLIG
CCDC162P,0,1,0,0,OLIG
FRG1CP,0,1,0,0,OLIG
CPVL,0,1,0,1,2
STARD13,0,1,0,0,OLIG
ROR1,0,1,0,0,OLIG
TESK2,0,1,0,0,OLIG
DDX3X,0,1,0,0,OLIG
PLEKHG1,0,1,0,0,OLIG
ENKUR,0,1,0,0,OLIG
SCART1,0,1,0,0,OLIG
IP6K1,0,1,0,0,OLIG
PMS1,0,1,0,0,OLIG
SNX16,0,1,0,0,OLIG
TTYH2,0,1,0,0,OLIG
FAM19A5,0,1,0,0,OLIG
MAGI1,0,1,0,0,OLIG
USP6NL,0,1,0,0,OLIG
POLA2,0,1,0,0,OLIG
TMEM136,0,1,0,0,OLIG
FUT8,0,1,0,0,OLIG
PIK3C3,0,1,0,0,OLIG
TMEM260,0,1,0,0,OLIG
RAMP1,0,1,1,0,2
ZNF326,0,1,0,0,OLIG
STRIP1,0,1,0,1,2
PIK3CB,0,1,0,0,OLIG
TRIM35,0,1,0,0,OLIG
HADHA,0,1,0,0,OLIG
RP11-611E13.2,0,1,1,0,2
SAMD4B,0,1,0,0,OLIG
7-Sep,0,1,0,0,OLIG
CTC-329D1.3,0,1,0,0,OLIG
ANP32B,0,1,0,0,OLIG
MTRF1,0,1,0,0,OLIG
CNP,0,1,0,0,OLIG
MIR325HG,0,1,0,0,OLIG
ZNF525,0,1,0,0,OLIG
UGT8,0,1,0,0,OLIG
CTC-459F4.2,0,1,0,0,OLIG
RP11-453E17.1,0,1,0,0,OLIG
ADAMTS8,0,1,0,0,OLIG
ANKRD28,0,1,0,0,OLIG
GPR158,0,1,0,0,OLIG
KCNMB4,0,1,0,0,OLIG
RP11-692D12.1,0,1,0,0,OLIG
TRAF1,0,1,0,0,OLIG
GFM2,0,1,0,0,OLIG
GLRA2,0,1,0,0,OLIG
TACC1,0,1,0,0,OLIG
ABCA8,0,1,0,0,OLIG
NEGR1,0,1,0,0,OLIG
SDCBP,0,1,0,0,OLIG
PFDN4,0,1,0,0,OLIG
RP11-93O7.5,0,1,0,0,OLIG
ADCY9,0,1,0,0,OLIG
SYT9,0,1,0,0,OLIG
PRKX,0,1,0,0,OLIG
PID1,0,1,0,0,OLIG
STMN4,0,1,0,0,OLIG
RALGDS,0,1,0,0,OLIG
GGT7,0,1,0,0,OLIG
GCC2,0,1,0,0,OLIG
AGO2,0,1,0,0,OLIG
ELK3,0,1,0,0,OLIG
RTN4,0,1,0,0,OLIG
RASSF2,0,1,0,0,OLIG
WDR48,0,1,0,0,OLIG
WDR7,0,1,0,0,OLIG
GALNT13,0,1,0,0,OLIG
NRXN1,0,1,0,0,OLIG
TNIK,0,1,0,0,OLIG
ANKRD50,0,1,0,0,OLIG
NDUFS2,0,1,0,0,OLIG
PDE4D,0,1,0,0,OLIG
KCND2,0,1,1,0,2
PTK2,0,1,0,0,OLIG
PLP1,0,1,0,0,OLIG
LIMCH1,0,1,1,1,3
MLLT3,0,1,0,0,OLIG
ADAMTS18,0,1,0,0,OLIG
NEDD4L,0,1,0,0,OLIG
SLA2,0,1,0,0,OLIG
HSPH1,0,1,0,1,2
NKAIN2,0,1,0,1,2
RP11-111A22.1,0,1,0,0,OLIG
MDGA2,0,1,1,0,2
PCDH9,0,1,0,1,2
ERICH5,0,0,1,0,AST
RP11-582J16.4,0,0,1,0,AST
PNPLA6,0,0,1,0,AST
AC004987.7,0,0,1,0,AST
CYP4F11,0,0,1,0,AST
MYH15,0,0,1,0,AST
CYP4F12,0,0,1,0,AST
ZSCAN31,0,0,1,0,AST
RP11-346I3.4,0,0,1,0,AST
TMPRSS5,0,0,1,0,AST
DDB2,0,0,1,0,AST
RP11-806O11.1,0,0,1,0,AST
MYOZ2,0,0,1,0,AST
TMEM258,0,0,1,0,AST
ZNF777,0,0,1,0,AST
AC012309.5,0,0,1,0,AST
CD58,0,0,1,0,AST
SLC28A3,0,0,1,0,AST
GBP2,0,0,1,0,AST
RP11-438E5.1,0,0,1,1,2
RGN,0,0,1,0,AST
HPSE2,0,0,1,0,AST
LMNA,0,0,1,0,AST
DCC,0,0,1,0,AST
ZFYVE1,0,0,1,0,AST
HSD17B7P2,0,0,1,0,AST
CUL9,0,0,1,0,AST
PCF11,0,0,1,0,AST
RP11-733C7.2,0,0,1,0,AST
CNOT1,0,0,1,0,AST
AL592183.1,0,0,1,0,AST
SERPINE2,0,0,1,0,AST
ZIC5,0,0,1,0,AST
CPM,0,0,1,0,AST
RP11-317N12.1,0,0,1,0,AST
FAM13B,0,0,1,0,AST
JAK1,0,0,1,1,2
FKBP15,0,0,1,1,2
LSM5,0,0,1,0,AST
PREP,0,0,1,0,AST
ANAPC5,0,0,1,0,AST
TBC1D17,0,0,1,0,AST
NCRNA00185,0,0,1,0,AST
CAMK2G,0,0,1,0,AST
AC006547.13,0,0,1,0,AST
TOM1,0,0,1,0,AST
IFI16,0,0,1,0,AST
POLR2G,0,0,1,0,AST
IQCK,0,0,1,0,AST
ZNF429,0,0,1,0,AST
HHATL,0,0,1,1,2
ANKRD36,0,0,1,0,AST
RBBP6,0,0,1,0,AST
CHKB,0,0,1,0,AST
VAC14,0,0,1,0,AST
CIRBP,0,0,1,0,AST
ERCC6,0,0,1,1,2
N4BP2L2,0,0,1,0,AST
TMBIM6,0,0,1,0,AST
IL1RAPL1,0,0,1,0,AST
UXS1,0,0,1,0,AST
RP11-441O15.3,0,0,1,0,AST
TLE4,0,0,1,0,AST
UBE2R2,0,0,1,0,AST
TCF3,0,0,1,0,AST
NUDT6,0,0,1,1,2
SLC38A2,0,0,1,0,AST
APOOL,0,0,1,0,AST
CTD-2201E18.3,0,0,1,0,AST
TMEM164,0,0,1,0,AST
SCYL3,0,0,1,0,AST
ST6GAL1,0,0,1,1,2
PAPSS1,0,0,1,0,AST
LRP1,0,0,1,1,2
TMEM144,0,0,1,0,AST
THRA,0,0,1,0,AST
ZNF98,0,0,1,0,AST
NKTR,0,0,1,0,AST
GFAP,0,0,1,0,AST
SF1,0,0,1,0,AST
RP11-96H19.1,0,0,1,0,AST
SEMA3A,0,0,1,0,AST
AC016747.2,0,0,1,0,AST
RP11-116N8.1,0,0,1,0,AST
SENP2,0,0,1,1,2
YTHDC2,0,0,1,0,AST
RSRC1,0,0,1,0,AST
STX16,0,0,1,1,2
RASGRP3,0,0,1,0,AST
ARHGEF3,0,0,1,0,AST
AC099057.8,0,0,1,0,AST
FEZ1,0,0,1,0,AST
PSMB2,0,0,1,0,AST
STYXL1,0,0,1,1,2
DBX2,0,0,1,0,AST
QDPR,0,0,1,1,2
DRAIC,0,0,1,0,AST
MT-ND4,0,0,1,0,AST
KCTD1,0,0,1,0,AST
ANGPTL4,0,0,1,0,AST
HDAC10,0,0,1,0,AST
DAPK3,0,0,1,0,AST
TBCA,0,0,1,0,AST
ACER3,0,0,1,0,AST
MEF2D,0,0,1,0,AST
PSD2,0,0,1,0,AST
INPP4A,0,0,1,0,AST
LMBR1,0,0,1,0,AST
PURG,0,0,1,0,AST
TCTN2,0,0,1,0,AST
FBXL4,0,0,1,1,2
PLXNC1,0,0,1,0,AST
IKZF5,0,0,1,0,AST
TKT,0,0,1,1,2
ARHGEF4,0,0,1,1,2
HSPB8,0,0,1,0,AST
MT-CO2,0,0,1,0,AST
MAN1A2,0,0,1,0,AST
IGF2R,0,0,1,0,AST
GNA14,0,0,1,0,AST
ATG10,0,0,1,0,AST
STXBP3,0,0,1,0,AST
LETM2,0,0,1,0,AST
CYSTM1,0,0,1,0,AST
WDR27,0,0,1,0,AST
TOGARAM2,0,0,1,0,AST
ARHGEF17,0,0,1,0,AST
EFR3B,0,0,1,0,AST
SPOP,0,0,1,1,2
SNTG1,0,0,1,0,AST
ARHGAP29,0,0,1,0,AST
KCTD15,0,0,1,0,AST
MRPS30,0,0,1,0,AST
PFKFB3,0,0,1,0,AST
ATP11C,0,0,1,0,AST
MTUS1,0,0,1,0,AST
MPRIP,0,0,1,0,AST
LLfos-48D6.2,0,0,1,0,AST
MARS,0,0,1,0,AST
WHAMM,0,0,1,0,AST
RAB3GAP1,0,0,1,0,AST
PDE3A,0,0,1,1,2
FTCDNL1,0,0,1,0,AST
TSTD2,0,0,1,0,AST
DPY19L1,0,0,1,0,AST
WDR66,0,0,1,0,AST
BCAN,0,0,1,0,AST
ARRDC3,0,0,1,0,AST
PLK5,0,0,1,0,AST
ANAPC1,0,0,1,0,AST
CCDC7,0,0,1,0,AST
RP11-206L10.11,0,0,1,0,AST
RP11-398K22.12,0,0,1,0,AST
UBE3D,0,0,1,0,AST
RP11-563J2.2,0,0,1,0,AST
ZMYM2,0,0,1,0,AST
ERI3,0,0,1,0,AST
ANP32A,0,0,1,0,AST
FBXL20,0,0,1,0,AST
ELOVL5,0,0,1,0,AST
RP5-1049N15.2,0,0,1,0,AST
FAHD2CP,0,0,1,0,AST
ALK,0,0,1,0,AST
RHBDD3,0,0,1,0,AST
ZNRF2,0,0,1,0,AST
YPEL5,0,0,1,0,AST
NUP210L,0,0,1,0,AST
USP13,0,0,1,0,AST
RIN3,0,0,1,1,2
DEF8,0,0,1,0,AST
WNK2,0,0,1,0,AST
RP5-1024N4.2,0,0,1,0,AST
RLF,0,0,1,0,AST
ZRSR2,0,0,1,1,2
IL6R,0,0,1,0,AST
MFSD11,0,0,1,0,AST
MLH3,0,0,1,0,AST
PRIMPOL,0,0,1,0,AST
B3GAT2,0,0,1,0,AST
GOLGA5,0,0,1,0,AST
AVL9,0,0,1,0,AST
GLE1,0,0,1,0,AST
PSMG4,0,0,1,0,AST
GABRA2,0,0,1,0,AST
C16orf62,0,0,1,0,AST
RP11-447D11.2,0,0,1,0,AST
ACSL1,0,0,1,0,AST
SDK2,0,0,1,0,AST
JAKMIP3,0,0,1,0,AST
NCAN,0,0,1,0,AST
PHYKPL,0,0,1,0,AST
HSPA12A,0,0,1,0,AST
CARS2,0,0,1,0,AST
FLYWCH1,0,0,1,0,AST
RP4-562J12.2,0,0,1,0,AST
PLEKHB1,0,0,1,0,AST
MAOA,0,0,1,0,AST
RP5-1159O4.1,0,0,1,0,AST
SAP30BP,0,0,1,0,AST
ABCA5,0,0,1,0,AST
SOX9,0,0,1,0,AST
ZNF804B,0,0,1,0,AST
RP11-563J2.3,0,0,1,0,AST
HOMER2,0,0,1,0,AST
ABCA3,0,0,1,0,AST
TCEANC2,0,0,1,0,AST
ENO2,0,0,1,0,AST
AMZ2,0,0,1,0,AST
BAIAP2,0,0,1,0,AST
LCOR,0,0,1,0,AST
RHBDL2,0,0,1,0,AST
RP4-694B14.5,0,0,1,0,AST
NUBPL,0,0,1,0,AST
EVI5,0,0,1,0,AST
MVD,0,0,1,0,AST
AK8,0,0,1,0,AST
EWSR1,0,0,1,0,AST
TTN,0,0,1,0,AST
EXPH5,0,0,1,0,AST
IQCH,0,0,1,0,AST
SHROOM4,0,0,1,0,AST
ZDHHC24,0,0,1,0,AST
RP11-10O17.3,0,0,1,0,AST
CCDC144B,0,0,1,0,AST
TCFL5,0,0,1,0,AST
CNTN3,0,0,1,0,AST
FARP1,0,0,1,0,AST
RP11-799O21.1,0,0,1,0,AST
PACS1,0,0,1,0,AST
ATR,0,0,1,0,AST
THADA,0,0,1,0,AST
AGTPBP1,0,0,1,0,AST
ATF7IP2,0,0,1,0,AST
PAMR1,0,0,1,0,AST
ABCC4,0,0,1,0,AST
SOX9-AS1,0,0,1,0,AST
CLIC4,0,0,1,0,AST
SCAMP1,0,0,1,0,AST
SLC6A11,0,0,1,1,2
IRS2,0,0,1,1,2
RP11-163N6.2,0,0,1,0,AST
TP53BP1,0,0,1,1,2
GCLC,0,0,1,0,AST
AGL,0,0,1,0,AST
RPS6KC1,0,0,1,0,AST
SLC25A18,0,0,1,0,AST
KLF9,0,0,1,0,AST
ONECUT1,0,0,1,0,AST
SLC8B1,0,0,1,0,AST
DENND1B,0,0,1,0,AST
DIO2,0,0,1,0,AST
RASD1,0,0,1,0,AST
RAB22A,0,0,1,0,AST
RIMS1,0,0,1,0,AST
HMGN3,0,0,1,0,AST
RP1-93I3.1,0,0,1,0,AST
DST,0,0,1,1,2
WWC1,0,0,1,0,AST
RP11-81N13.1,0,0,1,0,AST
ETV6,0,0,1,1,2
EMID1,0,0,1,0,AST
RP11-665G4.1,0,0,1,0,AST
SLF1,0,0,1,0,AST
ZNF783,0,0,1,0,AST
B3GLCT,0,0,1,0,AST
SNAP23,0,0,1,0,AST
GLRX3,0,0,1,0,AST
GMNN,0,0,1,0,AST
DIXDC1,0,0,1,0,AST
EPS15L1,0,0,1,0,AST
KLHL32,0,0,1,0,AST
FZD4,0,0,1,0,AST
FUCA1,0,0,1,1,2
RAB11A,0,0,1,0,AST
PNPLA7,0,0,1,0,AST
PPA1,0,0,1,0,AST
TUG1,0,0,1,1,2
KCNN2,0,0,1,0,AST
KDELR2,0,0,1,0,AST
CEP192,0,0,1,0,AST
IPO11,0,0,1,0,AST
OTUD7B,0,0,1,0,AST
GAB1,0,0,1,0,AST
HYDIN,0,0,1,0,AST
FERMT2,0,0,1,0,AST
EFR3A,0,0,1,0,AST
UBC,0,0,1,0,AST
HYDIN2,0,0,1,0,AST
RUNX1T1,0,0,1,0,AST
CRTC3,0,0,1,0,AST
WBP2NL,0,0,1,0,AST
ABTB2,0,0,1,1,2
OSGIN2,0,0,1,0,AST
SLC24A4,0,0,1,0,AST
PLEC,0,0,1,0,AST
DAPK1,0,0,1,0,AST
BHMT2,0,0,1,0,AST
RP11-345M22.1,0,0,1,0,AST
CTD-2378E12.1,0,0,1,0,AST
RP1-222E13.10,0,0,1,0,AST
FGD6,0,0,1,0,AST
CLK4,0,0,1,0,AST
CD44,0,0,1,0,AST
CP,0,0,1,0,AST
CST3,0,0,1,0,AST
PADI2,0,0,1,0,AST
QKI,0,0,1,1,2
ZFHX3,0,0,1,1,2
VWCE,0,0,1,0,AST
ETV5,0,0,1,0,AST
FZD6,0,0,1,0,AST
COL5A3,0,0,1,0,AST
ETV1,0,0,1,0,AST
KCNE4,0,0,1,0,AST
INTS4P1,0,0,1,0,AST
FZD3,0,0,1,0,AST
NFATC2,0,0,1,0,AST
LAMA4,0,0,1,0,AST
MGMT,0,0,1,0,AST
HVCN1,0,0,1,1,2
ITGA7,0,0,1,0,AST
TMEM55B,0,0,1,0,AST
ATP8A1,0,0,1,0,AST
L3MBTL4,0,0,1,1,2
P4HA2,0,0,1,0,AST
ITGA6,0,0,1,0,AST
WSB2,0,0,1,0,AST
NF1,0,0,1,1,2
MRO,0,0,1,0,AST
NR3C2,0,0,1,0,AST
TXNRD1,0,0,1,0,AST
NLGN4X,0,0,1,0,AST
BCL6,0,0,1,0,AST
PARD3,0,0,1,0,AST
LRRTM4,0,0,1,0,AST
NFKBIA,0,0,1,0,AST
GEM,0,0,1,0,AST
AC093415.2,0,0,1,0,AST
TRNAU1AP,0,0,1,0,AST
NLGN1,0,0,1,0,AST
PCDHGB7,0,0,1,0,AST
RP5-907D15.2,0,0,1,0,AST
LRP4,0,0,1,0,AST
SLC24A2,0,0,1,0,AST
ACO2,0,0,1,0,AST
ACTB,0,0,1,0,AST
PRKCE,0,0,1,0,AST
GPR75-ASB3,0,0,1,0,AST
CHST9-AS1,0,0,1,0,AST
NRBP2,0,0,1,0,AST
RP11-206L10.9,0,0,1,0,AST
DAAM2,0,0,1,0,AST
JADE1,0,0,1,0,AST
GPR161,0,0,1,0,AST
GLCCI1,0,0,1,0,AST
RAB4A,0,0,1,0,AST
SLC25A3,0,0,1,0,AST
SREK1,0,0,1,0,AST
DIRC3,0,0,1,0,AST
PLCB1,0,0,1,0,AST
GARNL3,0,0,1,0,AST
ST18,0,0,1,0,AST
EDNRA,0,0,1,0,AST
PWRN1,0,0,1,0,AST
ZNF587,0,0,1,0,AST
SEMA4A,0,0,1,0,AST
SPAG1,0,0,1,0,AST
ELOVL2,0,0,1,0,AST
ST6GAL2,0,0,1,0,AST
MAPKAP1,0,0,1,0,AST
RP11-284M14.1,0,0,1,0,AST
CAST,0,0,1,1,2
SLC7A2,0,0,1,0,AST
RP11-727A23.10,0,0,1,0,AST
HSP90AA1,0,0,1,1,2
SLC9A9,0,0,1,1,2
EIF4A2,0,0,1,0,AST
GRIA4,0,0,1,0,AST
ARHGAP6,0,0,1,0,AST
AGAP2,0,0,1,0,AST
TBC1D10A,0,0,1,0,AST
RP11-511B23.2,0,0,1,0,AST
MT1E,0,0,1,0,AST
CHST11,0,0,1,1,2
RP4-673D20.3,0,0,1,0,AST
NEB,0,0,1,0,AST
NTRK2,0,0,1,0,AST
RNF144A,0,0,1,0,AST
CHKA,0,0,1,0,AST
MARCKS,0,0,1,1,2
EEPD1,0,0,1,1,2
SCG3,0,0,1,0,AST
DENND4C,0,0,1,0,AST
KB-1047C11.2,0,0,1,0,AST
PCLO,0,0,1,0,AST
GGTA1P,0,0,1,0,AST
ZNF217,0,0,1,0,AST
ENTPD5,0,0,1,0,AST
LINC01138,0,0,1,0,AST
DGKZ,0,0,1,0,AST
LHFP,0,0,1,0,AST
COL11A1,0,0,1,0,AST
BRINP1,0,0,1,0,AST
FRMPD4,0,0,1,0,AST
ALDH1A1,0,0,1,0,AST
MAMLD1,0,0,1,0,AST
RHOB,0,0,1,0,AST
TRIM9,0,0,1,0,AST
CTC-559E9.6,0,0,1,0,AST
ZDHHC5,0,0,1,0,AST
BLOC1S2,0,0,1,0,AST
PRKG1,0,0,1,0,AST
DISP3,0,0,1,0,AST
STOX1,0,0,1,0,AST
TAB2,0,0,1,0,AST
RP11-526N18.1,0,0,1,0,AST
BCAR3,0,0,1,0,AST
KIF13B,0,0,1,0,AST
DPYSL3,0,0,1,0,AST
ACSL6,0,0,1,0,AST
PRR5,0,0,1,0,AST
RP11-627D16.1,0,0,1,0,AST
MFSD2A,0,0,1,0,AST
HNRNPU,0,0,1,0,AST
NBPF19,0,0,1,0,AST
TBL1XR1,0,0,1,0,AST
MAP3K20,0,0,1,0,AST
SUSD6,0,0,1,0,AST
CDH8,0,0,1,0,AST
ENC1,0,0,1,0,AST
DUSP1,0,0,1,0,AST
TPCN1,0,0,1,0,AST
CA12,0,0,1,0,AST
TUBGCP6,0,0,1,0,AST
STXBP5L,0,0,1,0,AST
ABHD2,0,0,1,0,AST
GRIN2B,0,0,1,0,AST
TSPAN5,0,0,1,0,AST
PHYHD1,0,0,1,0,AST
VEGFA,0,0,1,0,AST
DDX31,0,0,1,0,AST
ENPP3,0,0,1,0,AST
SLC27A1,0,0,1,0,AST
MAGED1,0,0,1,0,AST
C1orf95,0,0,1,0,AST
NPTXR,0,0,1,0,AST
DOCK9,0,0,1,0,AST
AK9,0,0,1,0,AST
CDH13,0,0,1,0,AST
ESRRG,0,0,1,0,AST
CCDC80,0,0,1,0,AST
RP11-3B12.2,0,0,1,0,AST
FUBP1,0,0,1,0,AST
GRAMD1B,0,0,1,0,AST
UPF1,0,0,1,0,AST
USH1C,0,0,1,0,AST
KIAA0930,0,0,1,0,AST
APP,0,0,1,0,AST
DISC1,0,0,1,1,2
TMTC1,0,0,1,0,AST
FAP,0,0,1,0,AST
C8orf46,0,0,1,0,AST
N4BP2,0,0,1,1,2
SUCLG1,0,0,1,0,AST
LINC00836,0,0,1,0,AST
PCDH17,0,0,1,0,AST
C18orf8,0,0,1,0,AST
AC090044.1,0,0,1,1,2
C9orf72,0,0,1,0,AST
WIF1,0,0,1,0,AST
KCNT2,0,0,1,0,AST
CTC-499B15.5,0,0,1,0,AST
LIX1,0,0,1,0,AST
C3,0,0,1,1,2
SAMD8,0,0,1,0,AST
UBE2D1,0,0,1,0,AST
KANK1,0,0,1,0,AST
GPR173,0,0,1,0,AST
TBCCD1,0,0,1,0,AST
ST6GALNAC3,0,0,1,1,2
LRRC3B,0,0,1,0,AST
RGCC,0,0,1,0,AST
HDX,0,0,1,0,AST
STON2,0,0,1,0,AST
SLC6A1,0,0,1,0,AST
ZNF16,0,0,1,0,AST
CTNNBIP1,0,0,1,0,AST
CLDN12,0,0,1,0,AST
DPP10,0,0,1,0,AST
LTBP3,0,0,1,0,AST
ATP9A,0,0,1,0,AST
CD164,0,0,1,0,AST
GNB4,0,0,1,0,AST
HECTD2,0,0,1,0,AST
TRAPPC11,0,0,1,0,AST
UBR1,0,0,1,0,AST
BDH2,0,0,1,0,AST
ARSF,0,0,1,0,AST
PHF8,0,0,1,0,AST
NFKB1,0,0,1,0,AST
DCLK1,0,0,1,0,AST
MPPED2,0,0,1,0,AST
MGAT4C,0,0,1,0,AST
CADPS,0,0,1,0,AST
C12orf4,0,0,1,0,AST
AK3,0,0,1,0,AST
MTFR1,0,0,1,0,AST
BRINP2,0,0,1,0,AST
ARRB1,0,0,1,0,AST
CHPT1,0,0,1,0,AST
ARMC8,0,0,1,0,AST
CELF4,0,0,1,0,AST
SMS,0,0,1,0,AST
TMEM184C,0,0,1,0,AST
RP11-133F8.2,0,0,1,0,AST
CCDC192,0,0,1,0,AST
APBB2,0,0,1,0,AST
TAF4B,0,0,1,0,AST
ARL8A,0,0,1,0,AST
PAQR8,0,0,1,0,AST
BAMBI,0,0,1,0,AST
CCND2,0,0,1,0,AST
TOMM20,0,0,1,0,AST
RP11-10L7.1,0,0,1,0,AST
FSTL5,0,0,1,0,AST
ABCD2,0,0,1,0,AST
RP11-212P7.3,0,0,1,0,AST
TRIM33,0,0,1,0,AST
TLR4,0,0,1,0,AST
RP11-702M1.1,0,0,1,0,AST
SAT1,0,0,1,0,AST
CYP2J2,0,0,1,1,2
AGBL4,0,0,1,0,AST
FH,0,0,1,0,AST
GREB1,0,0,1,0,AST
CA5BP,0,0,1,0,AST
ARGLU1,0,0,1,0,AST
SCGB2B2,0,0,1,0,AST
DMD,0,0,1,0,AST
RSBN1,0,0,1,0,AST
C19orf18,0,0,1,0,AST
ARL13B,0,0,1,0,AST
SLC8A1,0,0,1,1,2
RP11-613M10.9,0,0,1,0,AST
RGS3,0,0,1,0,AST
NFASC,0,0,1,1,2
PRKD1,0,0,1,0,AST
CAMK2B,0,0,1,0,AST
TLN2,0,0,1,0,AST
SNX14,0,0,1,0,AST
SLC19A3,0,0,1,0,AST
CNTFR,0,0,1,0,AST
KAZN,0,0,1,0,AST
RTN4RL1,0,0,1,0,AST
AC002429.5,0,0,1,0,AST
RP11-946L20.2,0,0,1,0,AST
SCLT1,0,0,1,0,AST
OSMR,0,0,1,0,AST
H3F3A,0,0,1,0,AST
RP1-292B18.4,0,0,1,0,AST
WDR49,0,0,1,0,AST
TOB2,0,0,1,0,AST
PRICKLE2,0,0,1,0,AST
TNC,0,0,1,0,AST
CLHC1,0,0,1,0,AST
IFLTD1,0,0,1,0,AST
ACOX1,0,0,1,0,AST
ANTXR2,0,0,1,0,AST
ZNF292,0,0,1,1,2
PGM2L1,0,0,1,0,AST
ARSE,0,0,1,0,AST
RP4-736L20.5,0,0,1,0,AST
NCAM2,0,0,1,1,2
STAT2,0,0,1,0,AST
VAV3,0,0,1,0,AST
PRKCQ,0,0,1,0,AST
TTC6,0,0,1,0,AST
CTD-2353F22.1,0,0,1,1,2
SMO,0,0,1,0,AST
RP11-407A16.3,0,0,1,0,AST
CH17-118O6.3,0,0,0,1,MG
TRMT112,0,0,0,1,MG
RP11-136K14.1,0,0,0,1,MG
TCIRG1,0,0,0,1,MG
C20orf197,0,0,0,1,MG
BCL2A1,0,0,0,1,MG
MAP4K1,0,0,0,1,MG
AL844908.5,0,0,0,1,MG
LSP1,0,0,0,1,MG
FCMR,0,0,0,1,MG
AF127577.11,0,0,0,1,MG
C18orf42,0,0,0,1,MG
NPM2,0,0,0,1,MG
AC109826.1,0,0,0,1,MG
HHEX,0,0,0,1,MG
MSX1,0,0,0,1,MG
ICOSLG,0,0,0,1,MG
PCDH18,0,0,0,1,MG
RP11-165F24.3,0,0,0,1,MG
CTD-2035E11.5,0,0,0,1,MG
TMEM119,0,0,0,1,MG
RP11-175P13.3,0,0,0,1,MG
PHKA1,0,0,0,1,MG
CTD-2371O3.3,0,0,0,1,MG
CTC-428I3.1,0,0,0,1,MG
AC021016.8,0,0,0,1,MG
AC003080.4,0,0,0,1,MG
RP11-542K23.7,0,0,0,1,MG
GLRA3,0,0,0,1,MG
RNU6-268P,0,0,0,1,MG
IQGAP3,0,0,0,1,MG
CXorf57,0,0,0,1,MG
CTB-129O4.1,0,0,0,1,MG
ECM2,0,0,0,1,MG
PDCL2,0,0,0,1,MG
SAXO1,0,0,0,1,MG
CCL2,0,0,0,1,MG
RP11-493L12.2,0,0,0,1,MG
TNFRSF13C,0,0,0,1,MG
TMEM106C,0,0,0,1,MG
KIF22,0,0,0,1,MG
AC017076.5,0,0,0,1,MG
PAF1,0,0,0,1,MG
TLR7,0,0,0,1,MG
RNF181,0,0,0,1,MG
MMP26,0,0,0,1,MG
RP11-543G18.1,0,0,0,1,MG
PRICKLE3,0,0,0,1,MG
RP11-347P5.1,0,0,0,1,MG
RP11-323P17.2,0,0,0,1,MG
GLIDR,0,0,0,1,MG
ADORA3,0,0,0,1,MG
CTD-3128G10.7,0,0,0,1,MG
GEMIN2,0,0,0,1,MG
CYB561A3,0,0,0,1,MG
COA7,0,0,0,1,MG
FBP1,0,0,0,1,MG
RP11-346C20.4,0,0,0,1,MG
PKD2L1,0,0,0,1,MG
HAMP,0,0,0,1,MG
GABRQ,0,0,0,1,MG
LSM11,0,0,0,1,MG
SRGAP2,0,0,0,1,MG
SERPING1,0,0,0,1,MG
ARHGAP9,0,0,0,1,MG
AC072062.1,0,0,0,1,MG
FANCA,0,0,0,1,MG
SRGN,0,0,0,1,MG
LEKR1,0,0,0,1,MG
GNA15,0,0,0,1,MG
OSBPL10,0,0,0,1,MG
UBE2L6,0,0,0,1,MG
RP11-945C19.4,0,0,0,1,MG
RGS18,0,0,0,1,MG
GUCY2D,0,0,0,1,MG
HSPA2,0,0,0,1,MG
CYB561D2,0,0,0,1,MG
KRT8P12,0,0,0,1,MG
EIF3CL,0,0,0,1,MG
RP11-357N13.3,0,0,0,1,MG
PLEKHA8,0,0,0,1,MG
SHROOM2,0,0,0,1,MG
RP1-206D15.6,0,0,0,1,MG
LINC00271,0,0,0,1,MG
CABP1,0,0,0,1,MG
DCST2,0,0,0,1,MG
CECR6,0,0,0,1,MG
AC064860.2,0,0,0,1,MG
RP3-428L16.1,0,0,0,1,MG
OAF,0,0,0,1,MG
RP11-445H22.4,0,0,0,1,MG
GSTP1,0,0,0,1,MG
PHOSPHO1,0,0,0,1,MG
STX10,0,0,0,1,MG
CTC-436P18.3,0,0,0,1,MG
RP11-156P1.3,0,0,0,1,MG
KRTCAP2,0,0,0,1,MG
CTD-2026C7.1,0,0,0,1,MG
RGS19,0,0,0,1,MG
AC008268.3,0,0,0,1,MG
SLC25A17,0,0,0,1,MG
CTSK,0,0,0,1,MG
CD69,0,0,0,1,MG
SNHG16,0,0,0,1,MG
CLEC1A,0,0,0,1,MG
DDX3Y,0,0,0,1,MG
BRAT1,0,0,0,1,MG
COIL,0,0,0,1,MG
BCL2L11,0,0,0,1,MG
RP11-264L1.1,0,0,0,1,MG
FBXO11,0,0,0,1,MG
RP11-1094M14.11,0,0,0,1,MG
ADGRE1,0,0,0,1,MG
AC024084.1,0,0,0,1,MG
SNRPG,0,0,0,1,MG
ZBED3-AS1,0,0,0,1,MG
USF3,0,0,0,1,MG
BIRC5,0,0,0,1,MG
TBL2,0,0,0,1,MG
KCNMB1,0,0,0,1,MG
ZNF682,0,0,0,1,MG
LAMTOR4,0,0,0,1,MG
TCEAL3,0,0,0,1,MG
NPAS1,0,0,0,1,MG
ATG2A,0,0,0,1,MG
RPP14,0,0,0,1,MG
METTL2A,0,0,0,1,MG
SIRPB2,0,0,0,1,MG
RP11-365O16.6,0,0,0,1,MG
MIAT,0,0,0,1,MG
RP1-167G20.1,0,0,0,1,MG
AC002310.13,0,0,0,1,MG
SLFN13,0,0,0,1,MG
CXCL8,0,0,0,1,MG
OLFML3,0,0,0,1,MG
TOM1L2,0,0,0,1,MG
ZFP69B,0,0,0,1,MG
DENND4B,0,0,0,1,MG
RP11-134G8.7,0,0,0,1,MG
IDNK,0,0,0,1,MG
TRPS1,0,0,0,1,MG
PIK3C2B,0,0,0,1,MG
GIMAP4,0,0,0,1,MG
GNLY,0,0,0,1,MG
RP11-733O18.1,0,0,0,1,MG
SLC15A3,0,0,0,1,MG
ZNF3,0,0,0,1,MG
NLGN4Y,0,0,0,1,MG
U52111.14,0,0,0,1,MG
RP11-123K3.4,0,0,0,1,MG
HMGCR,0,0,0,1,MG
RP11-520M5.5,0,0,0,1,MG
CAPG,0,0,0,1,MG
RP11-226E21.4,0,0,0,1,MG
DOCK10,0,0,0,1,MG
DIP2B,0,0,0,1,MG
ARHGAP26,0,0,0,1,MG
P2RY6,0,0,0,1,MG
RP3-394A18.1,0,0,0,1,MG
RP11-840I19.3,0,0,0,1,MG
HDDC2,0,0,0,1,MG
RP11-773D16.1,0,0,0,1,MG
MIR181A2HG,0,0,0,1,MG
RP4-543J13.1,0,0,0,1,MG
GMEB1,0,0,0,1,MG
RP11-739N20.2,0,0,0,1,MG
TXNDC17,0,0,0,1,MG
CD80,0,0,0,1,MG
TMEM147,0,0,0,1,MG
DDX47,0,0,0,1,MG
PCDH10,0,0,0,1,MG
CTD-2008L17.1,0,0,0,1,MG
ABI3,0,0,0,1,MG
RFX1,0,0,0,1,MG
ACOT13,0,0,0,1,MG
SLC45A4,0,0,0,1,MG
ZNF428,0,0,0,1,MG
MROH7-TTC4,0,0,0,1,MG
TUBBP5,0,0,0,1,MG
INSIG1,0,0,0,1,MG
U2AF1,0,0,0,1,MG
MYO7B,0,0,0,1,MG
DNAJC5,0,0,0,1,MG
MTUS2,0,0,0,1,MG
DCAF6,0,0,0,1,MG
PCBP2,0,0,0,1,MG
DSCR3,0,0,0,1,MG
ABCC13,0,0,0,1,MG
TRAK1,0,0,0,1,MG
CH17-262H22.1,0,0,0,1,MG
DESI2,0,0,0,1,MG
MYO1E,0,0,0,1,MG
STAT6,0,0,0,1,MG
TRMT11,0,0,0,1,MG
ADAM12,0,0,0,1,MG
ADCK2,0,0,0,1,MG
ZNF470,0,0,0,1,MG
BCL2L2-PABPN1,0,0,0,1,MG
RP3-455J7.4,0,0,0,1,MG
KDELR1,0,0,0,1,MG
AC010149.4,0,0,0,1,MG
POLDIP2,0,0,0,1,MG
IL17RA,0,0,0,1,MG
DAGLB,0,0,0,1,MG
MIOS,0,0,0,1,MG
SSBP2,0,0,0,1,MG
SDHAF3,0,0,0,1,MG
PRCP,0,0,0,1,MG
CTD-2587H24.5,0,0,0,1,MG
WDFY3,0,0,0,1,MG
AHI1,0,0,0,1,MG
POFUT2,0,0,0,1,MG
RP11-511P7.2,0,0,0,1,MG
CTD-2319I12.4,0,0,0,1,MG
TNFRSF11B,0,0,0,1,MG
MIR3142HG,0,0,0,1,MG
SPTSSA,0,0,0,1,MG
PDZD2,0,0,0,1,MG
RP11-1012E15.2,0,0,0,1,MG
AC008592.5,0,0,0,1,MG
CCNH,0,0,0,1,MG
SMAP2,0,0,0,1,MG
MYH9,0,0,0,1,MG
TMC6,0,0,0,1,MG
TM9SF4,0,0,0,1,MG
EMX1,0,0,0,1,MG
CARD9,0,0,0,1,MG
MAN2B1,0,0,0,1,MG
ITGB3,0,0,0,1,MG
CASP7,0,0,0,1,MG
ATP5A1,0,0,0,1,MG
GRPEL1,0,0,0,1,MG
CTC-419K13.1,0,0,0,1,MG
RP11-617F23.2,0,0,0,1,MG
DEGS1,0,0,0,1,MG
AF127936.3,0,0,0,1,MG
HIP1,0,0,0,1,MG
COA6,0,0,0,1,MG
P2RY13,0,0,0,1,MG
DOPEY1,0,0,0,1,MG
IDH3G,0,0,0,1,MG
DDI2,0,0,0,1,MG
CD300LB,0,0,0,1,MG
ZNF718,0,0,0,1,MG
SIGLEC9,0,0,0,1,MG
PRAM1,0,0,0,1,MG
ECSIT,0,0,0,1,MG
RP1-249H1.4,0,0,0,1,MG
RP11-16C1.2,0,0,0,1,MG
LDB1,0,0,0,1,MG
TUBB8,0,0,0,1,MG
BLVRA,0,0,0,1,MG
OLR1,0,0,0,1,MG
ZNF589,0,0,0,1,MG
TMEM30A,0,0,0,1,MG
LDB3,0,0,0,1,MG
RP11-93L9.1,0,0,0,1,MG
SPINT1,0,0,0,1,MG
PPP1R12C,0,0,0,1,MG
AC079305.8,0,0,0,1,MG
GLS,0,0,0,1,MG
GATAD1,0,0,0,1,MG
MYO9A,0,0,0,1,MG
CYB5R3,0,0,0,1,MG
NCKAP5,0,0,0,1,MG
TRIP11,0,0,0,1,MG
FAR2,0,0,0,1,MG
CD83,0,0,0,1,MG
ARHGAP15,0,0,0,1,MG
FOLH1,0,0,0,1,MG
RP11-659O3.1,0,0,0,1,MG
STX1A,0,0,0,1,MG
FAU,0,0,0,1,MG
RP11-531A24.5,0,0,0,1,MG
SUGCT,0,0,0,1,MG
TNPO3,0,0,0,1,MG
COL14A1,0,0,0,1,MG
ADGRG6,0,0,0,1,MG
CCND3,0,0,0,1,MG
ROCK1,0,0,0,1,MG
KLF6,0,0,0,1,MG
RCOR1,0,0,0,1,MG
DYSF,0,0,0,1,MG
XXcos-LUCA16.1,0,0,0,1,MG
CLCN5,0,0,0,1,MG
MEI1,0,0,0,1,MG
C12orf79,0,0,0,1,MG
RP11-228B15.4,0,0,0,1,MG
MXD4,0,0,0,1,MG
GDPD1,0,0,0,1,MG
ACAP2,0,0,0,1,MG
TCF12,0,0,0,1,MG
FBXL18,0,0,0,1,MG
FAM135B,0,0,0,1,MG
MAN1A1,0,0,0,1,MG
RCL1,0,0,0,1,MG
WDFY4,0,0,0,1,MG
RP11-664H17.1,0,0,0,1,MG
CTD-2540C19.1,0,0,0,1,MG
PPP1R13L,0,0,0,1,MG
ELL2,0,0,0,1,MG
MMP19,0,0,0,1,MG
MT-ND2,0,0,0,1,MG
CIITA,0,0,0,1,MG
KIAA0040,0,0,0,1,MG
HEATR1,0,0,0,1,MG
PP2D1,0,0,0,1,MG
PLAA,0,0,0,1,MG
PIM1,0,0,0,1,MG
BIN3,0,0,0,1,MG
ARHGEF6,0,0,0,1,MG
OTOGL,0,0,0,1,MG
BAG5,0,0,0,1,MG
HLA-DRB5,0,0,0,1,MG
SYT1,0,0,0,1,MG
HIST1H2BG,0,0,0,1,MG
ITM2C,0,0,0,1,MG
WAPL,0,0,0,1,MG
RP11-437L7.2,0,0,0,1,MG
RP11-1134I14.2,0,0,0,1,MG
CYSLTR1,0,0,0,1,MG
GMFG,0,0,0,1,MG
ADAMTSL2,0,0,0,1,MG
NHS,0,0,0,1,MG
JAG1,0,0,0,1,MG
RP11-322M19.2,0,0,0,1,MG
ATP8B4,0,0,0,1,MG
MN1,0,0,0,1,MG
RIC3,0,0,0,1,MG
CREG2,0,0,0,1,MG
AMPD3,0,0,0,1,MG
SMOC1,0,0,0,1,MG
SCARA3,0,0,0,1,MG
PHF3,0,0,0,1,MG
RP11-493K19.3,0,0,0,1,MG
LAPTM4A,0,0,0,1,MG
UBTF,0,0,0,1,MG
EXTL2,0,0,0,1,MG
IFI44L,0,0,0,1,MG
ZNF638,0,0,0,1,MG
STARD5,0,0,0,1,MG
C6orf106,0,0,0,1,MG
GLT1D1,0,0,0,1,MG
FXYD6,0,0,0,1,MG
SYCP2L,0,0,0,1,MG
HEXIM1,0,0,0,1,MG
ARID2,0,0,0,1,MG
ASCC3,0,0,0,1,MG
XIST,0,0,0,1,MG
TNRC6C,0,0,0,1,MG
FKBP8,0,0,0,1,MG
ZNF467,0,0,0,1,MG
IMMT,0,0,0,1,MG
TDRD12,0,0,0,1,MG
SASH3,0,0,0,1,MG
PSMA1,0,0,0,1,MG
PITPNA,0,0,0,1,MG
TIMD4,0,0,0,1,MG
ELAVL4,0,0,0,1,MG
CMTM6,0,0,0,1,MG
EDDM13,0,0,0,1,MG
FAM78B,0,0,0,1,MG
SMURF2,0,0,0,1,MG
ATP6V1B2,0,0,0,1,MG
DMXL2,0,0,0,1,MG
MAPRE2,0,0,0,1,MG
AC023469.1,0,0,0,1,MG
B4GALT2,0,0,0,1,MG
C14orf166,0,0,0,1,MG
EXOSC10,0,0,0,1,MG
ALDH3A2,0,0,0,1,MG
CCNE2,0,0,0,1,MG
LLGL1,0,0,0,1,MG
SLC11A1,0,0,0,1,MG
RP11-489O18.1,0,0,0,1,MG
PRKCB,0,0,0,1,MG
FIS1,0,0,0,1,MG
CTD-2245F17.3,0,0,0,1,MG
LRMP,0,0,0,1,MG
ZNF506,0,0,0,1,MG
RP11-15H20.5,0,0,0,1,MG
LINC00340,0,0,0,1,MG
RAB32,0,0,0,1,MG
FRRS1,0,0,0,1,MG
PTGS1,0,0,0,1,MG
PEX5L,0,0,0,1,MG
CLIP2,0,0,0,1,MG
ENTPD1,0,0,0,1,MG
POU2F2,0,0,0,1,MG
PDK4,0,0,0,1,MG
NR4A2,0,0,0,1,MG
RP11-467L13.7,0,0,0,1,MG
MS4A6A,0,0,0,1,MG
KIF11,0,0,0,1,MG
BACH1,0,0,0,1,MG
RNF138,0,0,0,1,MG
RPL31,0,0,0,1,MG
MAN2A1,0,0,0,1,MG
SEPN1,0,0,0,1,MG
PRKACA,0,0,0,1,MG
SCYL2,0,0,0,1,MG
GLIPR2,0,0,0,1,MG
RP11-321N4.5,0,0,0,1,MG
BHLHE41,0,0,0,1,MG
TM9SF3,0,0,0,1,MG
FRMD4B,0,0,0,1,MG
PAPOLG,0,0,0,1,MG
HIF1A,0,0,0,1,MG
TLR2,0,0,0,1,MG
LAPTM5,0,0,0,1,MG
ZBTB8OS,0,0,0,1,MG
KITLG,0,0,0,1,MG
HDAC8,0,0,0,1,MG
FRMD6,0,0,0,1,MG
HPS3,0,0,0,1,MG
MYO1F,0,0,0,1,MG
CTB-12O2.1,0,0,0,1,MG
PICALM,0,0,0,1,MG
CNTNAP5,0,0,0,1,MG
RP11-707A18.1,0,0,0,1,MG
TTC19,0,0,0,1,MG
FGD4,0,0,0,1,MG
YWHAB,0,0,0,1,MG
ACTR1A,0,0,0,1,MG
ZKSCAN5,0,0,0,1,MG
CASP4,0,0,0,1,MG
RNF150,0,0,0,1,MG
MSANTD2,0,0,0,1,MG
DHX40,0,0,0,1,MG
TBC1D1,0,0,0,1,MG
PLD4,0,0,0,1,MG
RP11-177C12.1,0,0,0,1,MG
FAM149A,0,0,0,1,MG
ELF4,0,0,0,1,MG
GNG7,0,0,0,1,MG
CD300A,0,0,0,1,MG
CARD11,0,0,0,1,MG
ZNF146,0,0,0,1,MG
SORT1,0,0,0,1,MG
BTN3A2,0,0,0,1,MG
PLEKHB2,0,0,0,1,MG
RPL8,0,0,0,1,MG
RNF6,0,0,0,1,MG
DFFA,0,0,0,1,MG
ARHGAP25,0,0,0,1,MG
NRP1,0,0,0,1,MG
SNHG7,0,0,0,1,MG
MDM2,0,0,0,1,MG
PCED1B,0,0,0,1,MG
VIT,0,0,0,1,MG
RABGGTB,0,0,0,1,MG
TEX9,0,0,0,1,MG
KB-1507C5.4,0,0,0,1,MG
LTBR,0,0,0,1,MG
AC006032.1,0,0,0,1,MG
HPGDS,0,0,0,1,MG
NOXA1,0,0,0,1,MG
PER1,0,0,0,1,MG
HP1BP3,0,0,0,1,MG
TGFBR1,0,0,0,1,MG
RP11-109A6.5,0,0,0,1,MG
POGZ,0,0,0,1,MG
MECP2,0,0,0,1,MG
TDRD9,0,0,0,1,MG
RP11-517O13.3,0,0,0,1,MG
PPIG,0,0,0,1,MG
CTTNBP2,0,0,0,1,MG
ASAP1-IT2,0,0,0,1,MG
TMSB10,0,0,0,1,MG
ABHD12B,0,0,0,1,MG
NCOA7,0,0,0,1,MG
DBN1,0,0,0,1,MG
RP11-557H15.4,0,0,0,1,MG
TMEM39B,0,0,0,1,MG
KRAS,0,0,0,1,MG
TMEM182,0,0,0,1,MG
RP11-426L16.8,0,0,0,1,MG
AAED1,0,0,0,1,MG
ACTR2,0,0,0,1,MG
ZNF536,0,0,0,1,MG
AP000476.1,0,0,0,1,MG
ANKRD36C,0,0,0,1,MG
UBE2D3,0,0,0,1,MG
RBMX,0,0,0,1,MG
KIF16B,0,0,0,1,MG
NOA1,0,0,0,1,MG
RNMTL1,0,0,0,1,MG
ACBD3,0,0,0,1,MG
ZFP36L1,0,0,0,1,MG
ST6GALNAC4,0,0,0,1,MG
TNFAIP8L3,0,0,0,1,MG
JDP2,0,0,0,1,MG
CALCR,0,0,0,1,MG
AL449209.1,0,0,0,1,MG
FAM160B2,0,0,0,1,MG
KCNQ1OT1,0,0,0,1,MG
ZBTB41,0,0,0,1,MG
SERTAD2,0,0,0,1,MG
ENG,0,0,0,1,MG
F13A1,0,0,0,1,MG
PKIB,0,0,0,1,MG
MZT1,0,0,0,1,MG
CHN2,0,0,0,1,MG
HCK,0,0,0,1,MG
NR4A1,0,0,0,1,MG
EZR,0,0,0,1,MG
GTF2B,0,0,0,1,MG
SLC11A2,0,0,0,1,MG
BID,0,0,0,1,MG
SPATA5,0,0,0,1,MG
NRDC,0,0,0,1,MG
CREBZF,0,0,0,1,MG
STRBP,0,0,0,1,MG
RUNX1,0,0,0,1,MG
3-Mar,0,0,0,1,MG
BCL2L12,0,0,0,1,MG
IRAK3,0,0,0,1,MG
AC018633.4,0,0,0,1,MG
NORAD,0,0,0,1,MG
TMEM163,0,0,0,1,MG
CYBB,0,0,0,1,MG
TIMP2,0,0,0,1,MG
SHTN1,0,0,0,1,MG
RP11-139E24.1,0,0,0,1,MG
RASAL2,0,0,0,1,MG
USP16,0,0,0,1,MG
LGMN,0,0,0,1,MG
PAG1,0,0,0,1,MG
VAV1,0,0,0,1,MG
BANK1,0,0,0,1,MG
GAS6,0,0,0,1,MG
RPS28,0,0,0,1,MG
MCC,0,0,0,1,MG
LRSAM1,0,0,0,1,MG
CD163,0,0,0,1,MG
SPRED2,0,0,0,1,MG
FAM13A,0,0,0,1,MG
MPZL1,0,0,0,1,MG
ATM,0,0,0,1,MG
NTM,0,0,0,1,MG
IVD,0,0,0,1,MG
PIAS2,0,0,0,1,MG
ZBTB43,0,0,0,1,MG
LPL,0,0,0,1,MG
ACSM5,0,0,0,1,MG
KCNK6,0,0,0,1,MG
CTC-559E9.1,0,0,0,1,MG
RNASET2,0,0,0,1,MG
TBC1D4,0,0,0,1,MG
OPHN1,0,0,0,1,MG
RP11-493L12.3,0,0,0,1,MG
SCN8A,0,0,0,1,MG
GPCPD1,0,0,0,1,MG
UBASH3B,0,0,0,1,MG
PPCS,0,0,0,1,MG
FNIP2,0,0,0,1,MG
AK2,0,0,0,1,MG
C9orf3,0,0,0,1,MG
GOLGA1,0,0,0,1,MG
PLXNA2,0,0,0,1,MG
TMEM156,0,0,0,1,MG
ITGAM,0,0,0,1,MG
PIK3R5,0,0,0,1,MG
TNFAIP8,0,0,0,1,MG
RP11-40A8.3,0,0,0,1,MG
RPS6KA3,0,0,0,1,MG
NDUFA8,0,0,0,1,MG
SHROOM3,0,0,0,1,MG
PLXND1,0,0,0,1,MG
CD40,0,0,0,1,MG
NINJ1,0,0,0,1,MG
PHACTR1,0,0,0,1,MG
CDYL,0,0,0,1,MG
SUPT6H,0,0,0,1,MG
AQP4,0,0,0,1,MG
ALPK3,0,0,0,1,MG
ANKRD40,0,0,0,1,MG
RP11-467H10.2,0,0,0,1,MG
AANAT,0,0,0,1,MG
C1QA,0,0,0,1,MG
SGO2,0,0,0,1,MG
TTC17,0,0,0,1,MG
CCDC26,0,0,0,1,MG
RP11-166O4.5,0,0,0,1,MG
SPATS2,0,0,0,1,MG
BTN3A1,0,0,0,1,MG
MED13L,0,0,0,1,MG
RP11-233H19.2,0,0,0,1,MG
LCP2,0,0,0,1,MG
NUAK1,0,0,0,1,MG
ZNF808,0,0,0,1,MG
CRTC1,0,0,0,1,MG
RP11-624L4.1,0,0,0,1,MG
MAML2,0,0,0,1,MG
RP11-707P17.1,0,0,0,1,MG
VPS13A,0,0,0,1,MG
PLCL1,0,0,0,1,MG
BACH2,0,0,0,1,MG
RNU2-63P,0,0,0,1,MG
PDE4A,0,0,0,1,MG
ANKRD36B,0,0,0,1,MG
ARMC2,0,0,0,1,MG
SARAF,0,0,0,1,MG
YLPM1,0,0,0,1,MG
B4GALT1,0,0,0,1,MG
ADAP2,0,0,0,1,MG
PLAUR,0,0,0,1,MG
EGLN1,0,0,0,1,MG
VWC2,0,0,0,1,MG
P3H2,0,0,0,1,MG
DOCK11,0,0,0,1,MG
DENND5A,0,0,0,1,MG
CNPY3,0,0,0,1,MG
RASGRP2,0,0,0,1,MG
PTPN14,0,0,0,1,MG
LRRCC1,0,0,0,1,MG
NLRP3,0,0,0,1,MG
FAM98B,0,0,0,1,MG
WSB1,0,0,0,1,MG
ACPP,0,0,0,1,MG
CD14,0,0,0,1,MG
FAM122A,0,0,0,1,MG
CD37,0,0,0,1,MG
PARVB,0,0,0,1,MG
RBM47,0,0,0,1,MG
UNC13B,0,0,0,1,MG
CCDC40,0,0,0,1,MG
MGAT1,0,0,0,1,MG
SDK1,0,0,0,1,MG
RP11-153M7.3,0,0,0,1,MG
ITSN1,0,0,0,1,MG
LRRC16A,0,0,0,1,MG
RPA2,0,0,0,1,MG
PARP14,0,0,0,1,MG
PDGFB,0,0,0,1,MG
KLF7,0,0,0,1,MG
RP11-399K21.12,0,0,0,1,MG
CHGB,0,0,0,1,MG
KIAA0226L,0,0,0,1,MG
SRGAP2B,0,0,0,1,MG
THAP2,0,0,0,1,MG
DNAJC6,0,0,0,1,MG
ANKS1A,0,0,0,1,MG
RNF144B,0,0,0,1,MG
IDI1,0,0,0,1,MG
DNAJC9,0,0,0,1,MG
GAS7,0,0,0,1,MG
MIS18BP1,0,0,0,1,MG
ZNF846,0,0,0,1,MG
IGSF21,0,0,0,1,MG
NECTIN2,0,0,0,1,MG
RAC1,0,0,0,1,MG
BCL2L13,0,0,0,1,MG
MLC1,0,0,0,1,MG
IL1B,0,0,0,1,MG
GTF2IRD1,0,0,0,1,MG
RILPL2,0,0,0,1,MG
WDR11,0,0,0,1,MG
PRKCA,0,0,0,1,MG
BNC2,0,0,0,1,MG
CHUK,0,0,0,1,MG
C5AR1,0,0,0,1,MG
IKZF2,0,0,0,1,MG
SPARC,0,0,0,1,MG
SAMD9,0,0,0,1,MG
EEF2,0,0,0,1,MG
RP1-228H13.6,0,0,0,1,MG
HRH2,0,0,0,1,MG
ACSF2,0,0,0,1,MG
MBP,0,0,0,1,MG
ANKRD42,0,0,0,1,MG
RP11-666E17.1,0,0,0,1,MG
CCDC85B,0,0,0,1,MG
COPS2,0,0,0,1,MG
UPF2,0,0,0,1,MG
PIK3AP1,0,0,0,1,MG
PROCR,0,0,0,1,MG
ERMP1,0,0,0,1,MG
RP11-379F4.4,0,0,0,1,MG
ELMO1,0,0,0,1,MG
RCSD1,0,0,0,1,MG
AGPAT2,0,0,0,1,MG
AKAP13,0,0,0,1,MG
ANAPC16,0,0,0,1,MG
ITGA9,0,0,0,1,MG
BEX1,0,0,0,1,MG
TSC22D2,0,0,0,1,MG
STK17B,0,0,0,1,MG
RP11-480C22.1,0,0,0,1,MG
TPST2,0,0,0,1,MG
VSIR,0,0,0,1,MG
BORCS7,0,0,0,1,MG
NAV2,0,0,0,1,MG
TAF1A,0,0,0,1,MG
RP11-760H22.2,0,0,0,1,MG
SLC7A8,0,0,0,1,MG
HS3ST5,0,0,0,1,MG
MCM6,0,0,0,1,MG
SRP72,0,0,0,1,MG
ITGA3,0,0,0,1,MG
BTBD9,0,0,0,1,MG
EPSTI1,0,0,0,1,MG
GPC5,0,0,0,1,MG
C11orf80,0,0,0,1,MG
EP300,0,0,0,1,MG
SLC15A2,0,0,0,1,MG
UBAP1,0,0,0,1,MG
RP11-766N7.3,0,0,0,1,MG
PLXDC2,0,0,0,1,MG
ZNF124,0,0,0,1,MG
PPM1E,0,0,0,1,MG
WNT5B,0,0,0,1,MG
RAB5A,0,0,0,1,MG
MSANTD4,0,0,0,1,MG
MNDA,0,0,0,1,MG
MZT2B,0,0,0,1,MG
TRMT10C,0,0,0,1,MG
TUBGCP2,0,0,0,1,MG
RP5-940J5.10,0,0,0,1,MG
RPN1,0,0,0,1,MG
DHRS9,0,0,0,1,MG
TMEM35,0,0,0,1,MG
ZMIZ1,0,0,0,1,MG
SMYD3,0,0,0,1,MG
ZNF81,0,0,0,1,MG
COX10-AS1,0,0,0,1,MG
NCOA3,0,0,0,1,MG
TNIP2,0,0,0,1,MG
PDE1B,0,0,0,1,MG
ISPD,0,0,0,1,MG
DYNLT1,0,0,0,1,MG
TMC8,0,0,0,1,MG
FRG1HP,0,0,0,1,MG
TMOD2,0,0,0,1,MG
CYTH4,0,0,0,1,MG
TNFRSF10A,0,0,0,1,MG
NOP58,0,0,0,1,MG
TEFM,0,0,0,1,MG
MYOF,0,0,0,1,MG
RRAGB,0,0,0,1,MG
ARSG,0,0,0,1,MG
DARS,0,0,0,1,MG
FAM169A,0,0,0,1,MG
TMEM59L,0,0,0,1,MG
RP5-964N17.1,0,0,0,1,MG
LEPR,0,0,0,1,MG
HCLS1,0,0,0,1,MG
DLEU7,0,0,0,1,MG
GFOD2,0,0,0,1,MG
THOC2,0,0,0,1,MG
NAPA,0,0,0,1,MG
USP4,0,0,0,1,MG
MALAT1,0,0,0,1,MG
PIH1D1,0,0,0,1,MG
ADAT1,0,0,0,1,MG
CIC,0,0,0,1,MG
CLEC9A,0,0,0,1,MG
RP11-472I20.4,0,0,0,1,MG
MYL12A,0,0,0,1,MG
CTSB,0,0,0,1,MG
PPP1R9A,0,0,0,1,MG
RP11-557H15.3,0,0,0,1,MG
LYVE1,0,0,0,1,MG
P3H4,0,0,0,1,MG
DUSP6,0,0,0,1,MG
PFKP,0,0,0,1,MG
POMT2,0,0,0,1,MG
KCTD16,0,0,0,1,MG
RP11-691H4.1,0,0,0,1,MG
TM2D1,0,0,0,1,MG
FGD2,0,0,0,1,MG
CA8,0,0,0,1,MG
DLG2,0,0,0,1,MG
OTUD5,0,0,0,1,MG
SCARNA9,0,0,0,1,MG
RP11-340I6.8,0,0,0,1,MG
EMC7,0,0,0,1,MG
NPDC1,0,0,0,1,MG
ZNRF1,0,0,0,1,MG
C2orf73,0,0,0,1,MG
RP11-398J13.1,0,0,0,1,MG
MEF2C,0,0,0,1,MG
PREX1,0,0,0,1,MG
CEP68,0,0,0,1,MG
RLIM,0,0,0,1,MG
RAPGEF1,0,0,0,1,MG
GRPEL2,0,0,0,1,MG
OMA1,0,0,0,1,MG
NKD1,0,0,0,1,MG
TBC1D14,0,0,0,1,MG
RP11-373N22.3,0,0,0,1,MG
PPP1R8,0,0,0,1,MG
CCDC144C,0,0,0,1,MG
WDR45B,0,0,0,1,MG
AP1G2,0,0,0,1,MG
AF064858.6,0,0,0,1,MG
MCM5,0,0,0,1,MG
DENND6B,0,0,0,1,MG
ANGPT2,0,0,0,1,MG
IFT46,0,0,0,1,MG
BISPR,0,0,0,1,MG
RP11-231E4.4,0,0,0,1,MG
FBXO38,0,0,0,1,MG
RN7SL76P,0,0,0,1,MG
TSPYL1,0,0,0,1,MG
NOXRED1,0,0,0,1,MG
SRSF9,0,0,0,1,MG
ANK1,0,0,0,1,MG
C3orf38,0,0,0,1,MG
RP11-500G22.2,0,0,0,1,MG
AC008697.1,0,0,0,1,MG
WRN,0,0,0,1,MG
AC007563.5,0,0,0,1,MG
POLR1E,0,0,0,1,MG
ETV3,0,0,0,1,MG
DNM3OS,0,0,0,1,MG
CALCOCO1,0,0,0,1,MG
MS4A14,0,0,0,1,MG
FHL3,0,0,0,1,MG
SNN,0,0,0,1,MG
RP11-30B1.1,0,0,0,1,MG
RP11-1046B16.3,0,0,0,1,MG
PHC2,0,0,0,1,MG
RP11-6C14.1,0,0,0,1,MG
CTD-2233K9.1,0,0,0,1,MG
SH3D21,0,0,0,1,MG
RP4-569M23.4,0,0,0,1,MG
CALHM2,0,0,0,1,MG
FAM200B,0,0,0,1,MG
RNF128,0,0,0,1,MG
ZXDA,0,0,0,1,MG
RP3-323N1.2,0,0,0,1,MG
FBXO44,0,0,0,1,MG
FUT4,0,0,0,1,MG
LRP5,0,0,0,1,MG
KCNE3,0,0,0,1,MG
STRAP,0,0,0,1,MG
SLC35B2,0,0,0,1,MG
CDKN2C,0,0,0,1,MG
WDR19,0,0,0,1,MG
FAT4,0,0,0,1,MG
AC073254.1,0,0,0,1,MG
RP11-268G12.3,0,0,0,1,MG
NCF2,0,0,0,1,MG
RP11-118B18.1,0,0,0,1,MG
PRKAR2B,0,0,0,1,MG
ADAMTS2,0,0,0,1,MG
GPR35,0,0,0,1,MG
