"","OPC","OLIG","AST","MG"
"CTD-2653D5.1",1,0,0,0
"CDCA2",1,0,0,0
"C3orf18",1,0,0,0
"RP11-862L9.3",1,0,0,0
"FGL1",1,0,0,0
"EBF1",1,0,1,0
"AC010746.2",1,0,0,1
"RP11-561C5.5",1,0,0,0
"IL20RA",1,0,0,0
"AC074117.10",1,0,0,0
"WWOX",1,0,0,0
"RP11-626P14.1",1,0,0,0
"AC002992.2",1,0,0,0
"PICK1",1,0,0,0
"RP11-385D13.3",1,0,0,0
"RP5-828H9.3",1,0,0,0
"EPN2",1,0,0,0
"RP11-706J10.1",1,0,0,0
"FAM134A",1,0,0,0
"PRKCD",1,0,0,0
"AL450992.2",1,0,0,0
"CCDC170",1,0,0,0
"RP11-1110F20.1",1,0,0,0
"LINC00216",1,0,0,0
"RP11-552M11.4",1,0,0,0
"AZGP1",1,0,0,0
"CDIPT",1,0,0,0
"PCDH12",1,0,0,0
"RP5-1065O2.4",1,0,0,0
"MRFAP1L1",1,0,0,0
"CD276",1,0,0,0
"RP11-1055B8.4",1,0,0,0
"CENPQ",1,0,0,0
"RP11-122G18.12",1,0,0,0
"RP11-182J1.14",1,0,0,0
"XKR4",1,1,0,0
"KATNA1",1,0,0,0
"GPNMB",1,0,0,0
"C9orf142",1,0,0,0
"ASNS",1,0,0,0
"AC040963.1",1,0,0,0
"LGI2",1,0,0,0
"NDUFB10",1,0,0,0
"ORAOV1",1,0,0,0
"RP11-284F21.7",1,0,0,0
"CHMP6",1,0,0,0
"KHNYN",1,0,0,0
"PPOX",1,0,0,0
"ATXN1",1,0,0,1
"PPT1",1,0,0,0
"TNP1",1,0,0,0
"RP11-295K3.1",1,0,0,0
"DNAH17",1,0,0,1
"CCDC24",1,0,0,0
"SNU13",1,0,0,0
"PLA2G7",1,0,0,1
"MCMDC2",1,0,0,0
"NUDT11",1,0,0,0
"RP11-893F2.13",1,0,0,0
"FOXP1",1,0,0,0
"RP11-277P12.6",1,0,0,0
"PCSK7",1,0,0,0
"SVOP",1,0,0,0
"RP11-728K20.2",1,0,0,0
"RP11-98O2.1",1,0,0,0
"SGCD",1,0,0,0
"LRP5L",1,0,0,0
"RP11-761E20.1",1,0,0,0
"GAL3ST4",1,0,0,1
"GAREM2",1,0,0,0
"HELZ2",1,0,0,0
"DDX17",1,0,0,0
"PHLDB2",1,0,0,0
"RP11-382J12.1",1,1,0,0
"RP11-52A20.2",1,0,0,0
"ATIC",1,0,0,0
"RP11-348N5.7",1,0,0,0
"EDIL3",1,1,0,0
"ACBD4",1,0,0,0
"RP11-114H23.1",1,0,0,0
"SKINT1L",1,0,0,0
"COL4A6",1,0,0,0
"ENTPD4",1,0,0,0
"NAPB",1,0,0,0
"DCUN1D4",1,0,0,0
"RP1-18D14.3",1,0,0,0
"ZNF687",1,0,0,0
"SCUBE1",1,0,0,0
"ALDOC",1,0,0,0
"RP11-15A1.4",1,0,0,0
"BEX5",1,0,0,0
"EFNA1",1,0,0,0
"FBXO25",1,0,0,0
"CTD-2010I16.2",1,0,0,0
"TMED11P",1,0,0,0
"EXOSC7",1,0,0,0
"CDH19",1,0,0,0
"SP140",1,0,0,0
"RP11-384P7.7",1,0,0,0
"CYP3A43",1,0,0,0
"PLEKHH2",1,0,0,0
"EIF1AY",1,0,0,0
"PIGB",1,0,0,0
"RP5-872K7.2",1,0,0,0
"RP11-124B13.1",1,0,0,0
"RP11-417L19.5",1,0,0,0
"PTPRD",1,0,0,0
"NOM1",1,0,0,0
"CTC-513N18.7",1,0,0,0
"KIF19",1,0,0,0
"CTD-2012J19.3",1,0,0,0
"HEATR5B",1,0,0,0
"ZNF630",1,0,0,0
"RP11-76I14.1",1,0,0,0
"ATAD3A",1,0,0,0
"RP11-927P21.6",1,0,0,0
"STK32B",1,0,0,0
"CTCF",1,0,0,0
"REL",1,0,0,0
"FAM47E",1,0,0,0
"ENAH",1,0,0,0
"MICAL3",1,0,0,1
"RP11-184D12.1",1,0,0,0
"ZNF599",1,0,0,0
"RP11-115D19.1",1,0,0,0
"CTC-340D7.1",1,0,0,0
"CTD-2196P11.1",1,0,0,0
"CES2",1,0,0,0
"POLR2D",1,0,0,0
"DLL3",1,0,0,0
"GSTM5",1,0,1,0
"GYPE",1,0,0,0
"LYST",1,0,0,0
"NDFIP2",1,0,1,1
"RP11-886H22.1",1,1,0,0
"RP11-814P5.1",1,0,0,0
"RBM23",1,0,0,0
"HIP1R",1,1,1,0
"UHRF1BP1L",1,0,0,0
"KIAA1257",1,0,1,0
"GRIA2",1,1,0,0
"HS3ST4",1,0,0,1
"TBXAS1",1,0,0,1
"USP54",1,0,1,0
"CCDC50",1,0,0,0
"GLDC",1,0,0,0
"RBMS1",1,1,0,0
"DYNC1LI2",1,0,0,0
"KIAA1549L",1,0,1,0
"SPOCK1",1,1,0,0
"ATN1",1,0,0,0
"TMEM109",1,0,0,0
"KIF13A",1,0,0,0
"LRRC2",1,0,0,0
"METTL22",1,0,0,0
"FTL",1,0,0,1
"FAM8A1",1,0,0,0
"CLCC1",1,0,0,0
"MUS81",1,0,0,0
"COPG2",1,0,1,0
"ITPKB",1,0,0,0
"AC096559.1",1,0,0,0
"SUFU",1,0,0,0
"PSKH1",1,0,0,0
"RPL34-AS1",1,0,0,0
"RP11-403A3.3",1,0,0,0
"WBSCR22",1,0,0,0
"GRIK3",1,0,0,0
"CTC-205M6.3",1,0,0,0
"GRAMD1C",1,0,0,0
"SYCP2",1,0,0,0
"DIAPH3",1,0,0,0
"LINC-PINT",1,0,0,0
"COPG1",1,0,0,0
"MEPCE",1,0,0,0
"RP11-57A19.7",1,0,0,0
"AL157871.2",1,0,0,0
"ABCB10",1,0,0,0
"SDC2",1,0,1,0
"ALDH1L2",1,0,0,0
"DAPL1",1,0,0,0
"PIP4K2C",1,0,0,0
"CKB",1,0,0,0
"PTPN9",1,0,0,0
"ATP10A",1,0,0,0
"NEURL1B",1,0,0,0
"ABCG2",1,0,0,0
"HABP4",1,0,0,0
"AC136007.2",1,0,0,0
"LRRK2",1,0,0,0
"RP11-142O6.1",1,0,0,0
"GMCL1",1,0,0,0
"PTPRN",1,0,0,0
"RP5-1043L13.1",1,0,0,0
"CCDC88A",1,0,0,0
"RNF103",1,0,0,0
"TEX14",1,0,0,0
"YME1L1",1,0,0,0
"MT-CO1",1,0,0,1
"AC073479.1",1,0,0,0
"NUCB2",1,0,0,0
"RP11-756G20.1",1,0,0,0
"MSH3",1,0,0,0
"IGF2BP2",1,0,0,0
"AC013267.2",1,0,0,0
"PLA2R1",1,0,0,0
"CTD-2054N24.2",1,0,1,0
"GATC",1,0,0,0
"NACC2",1,0,0,0
"DOCK5",1,0,1,1
"KLHL29",1,0,1,0
"SECISBP2L",1,0,0,0
"BRIP1",1,0,0,0
"C12orf42",1,0,0,0
"SIVA1",1,0,0,0
"CPT1A",1,0,0,0
"MSANTD3",1,0,0,0
"FAM102B",1,0,0,0
"FUNDC2",1,0,0,0
"RP11-694I15.7",1,0,0,0
"RP11-85M11.2",1,0,0,0
"ITM2B",1,1,0,0
"TIAM1",1,0,1,1
"CTC-431G16.2",1,0,0,0
"LINC00092",1,0,0,0
"NAV1",1,0,0,0
"RAPGEF4",1,0,0,0
"AC002116.7",1,0,0,0
"GRIN2A",1,0,0,0
"SEMA4D",1,0,0,1
"AC073343.13",1,0,0,0
"C11orf65",1,0,0,0
"NLRC4",1,0,0,0
"RPL13",1,1,1,0
"RP11-930O11.1",1,0,0,0
"DICER1",1,0,0,0
"CBFB",1,0,0,0
"LA16c-358B7.3",1,0,0,0
"RP11-10K16.1",1,0,0,0
"ARSB",1,0,0,0
"LCORL",1,0,0,1
"SZT2",1,0,0,0
"SLC22A17",1,1,0,0
"MYO5B",1,0,0,0
"CYB5D2",1,0,0,0
"SMG5",1,0,0,0
"SEM1",1,0,0,0
"DCAF13",1,0,0,0
"SLC15A4",1,0,0,0
"WASF1",1,0,0,0
"TMSB4X",1,0,0,0
"NALCN",1,0,0,0
"PPARD",1,0,0,0
"ZCCHC24",1,0,0,0
"GPALPP1",1,0,0,0
"CTTN",1,0,0,1
"RP11-389E17.1",1,0,0,0
"DACH2",1,0,0,0
"TLR10",1,0,0,1
"PCDH11X",1,1,0,0
"AC003991.3",1,0,0,0
"CCDC67",1,0,0,0
"LMNB1",1,0,0,0
"GHR",1,0,0,0
"NDUFS6",1,0,0,0
"TUFT1",1,0,0,0
"KIF18B",1,0,0,0
"COL19A1",1,0,0,0
"MOCS2",1,1,0,0
"OLMALINC",1,1,0,1
"GLRX2",1,0,0,0
"JPH1",1,0,0,0
"AL121656.4",1,0,1,0
"HERC2P3",1,1,1,1
"SLC16A10",1,0,0,0
"NCALD",1,0,0,0
"CXorf23",1,0,0,0
"RTKN",1,0,0,0
"PLAT",1,0,0,0
"BNIPL",1,0,0,0
"FBXW4",1,0,0,0
"MSI1",1,0,0,0
"AP001505.10",1,0,0,0
"DYNC1I2",1,0,0,0
"SOCS5",1,0,0,0
"RP11-18H7.1",1,0,0,0
"WASF2",1,0,0,1
"MT-ND1",1,0,0,0
"FMNL3",1,0,0,0
"BCAS3",1,0,0,0
"AP5M1",1,0,0,0
"RP11-123B3.2",1,0,0,0
"MT-RNR1",1,0,0,0
"DVL3",1,0,0,0
"PLXNB1",1,0,0,0
"CAMKMT",1,0,0,0
"SLC37A1",1,0,0,0
"USP43",1,0,0,0
"OXSM",1,0,0,0
"XXbac-BPG55C20.7",1,0,0,0
"NGEF",1,0,0,0
"SEMA5A",1,0,0,0
"KALP",1,1,1,1
"AC087886.1",1,0,0,0
"NRG3",1,0,0,0
"FAM53C",1,1,0,1
"LRIG1",1,0,1,0
"FGFR1",1,0,0,0
"FBXL12",1,0,0,0
"ABCA1",1,0,1,0
"SNAP91",1,0,0,0
"RP11-68I3.2",1,0,0,0
"NPAT",1,0,0,0
"CSF1R",1,0,0,0
"ZCCHC6",1,0,0,1
"APH1B",1,0,0,0
"RP11-472N13.3",1,0,0,0
"HSCB",1,0,0,0
"UNC5C",1,1,0,0
"RP1-79C4.4",1,0,0,0
"IPO8",1,0,0,0
"SAMHD1",1,0,0,0
"ITPR2",1,0,0,0
"ZYG11B",1,0,0,0
"RP11-50D16.4",1,0,0,1
"LRPPRC",1,0,0,0
"SREBF2",1,0,1,0
"FAM49A",1,0,0,0
"AC008937.2",1,0,0,1
"RP11-148G20.1",1,0,0,1
"CLIP4",1,0,0,0
"RP11-586K2.1",1,0,0,0
"WSCD1",1,1,0,0
"MATN2",1,1,0,0
"PPP2R5B",1,0,0,0
"ADARB2",1,1,0,0
"CREB5",1,0,0,0
"PNCK",1,0,0,0
"CENPV",1,0,0,0
"MIR137HG",1,0,0,0
"SUMF1",1,0,0,0
"PTN",1,1,0,0
"NEK11",1,0,0,0
"KCNQ3",1,0,0,1
"RP11-6J21.2",1,0,0,1
"ADCK3",1,0,0,0
"MMD",1,0,0,0
"FGFR3",1,0,0,0
"PKP2",1,0,0,0
"EYS",1,1,0,0
"GPC6",1,0,0,0
"SOCS4",1,0,0,0
"EYA3",1,0,0,1
"ZSWIM6",1,0,0,0
"RTTN",1,0,0,0
"PRKCH",1,0,0,0
"PARK2",1,0,0,0
"RP11-797A18.5",1,0,0,0
"GABRB1",1,0,0,0
"CORO1C",1,1,0,0
"CDC42BPA",1,0,0,0
"NINJ2",1,0,0,0
"CH17-437K3.1",1,0,0,0
"KLF15",1,0,0,0
"HTRA1",1,0,1,0
"RP11-617D20.1",1,0,0,0
"SAMSN1",1,0,0,0
"ZNF559-ZNF177",1,0,0,0
"LPGAT1",1,0,0,0
"ST8SIA1",1,0,0,0
"KLRC3",1,0,0,0
"FRS2",1,0,0,0
"PPFIBP2",1,0,0,0
"CIT",1,0,0,0
"EIF4ENIF1",1,0,0,0
"RP11-210H10--A.1",1,0,0,0
"CSMD3",1,0,0,0
"TAF10",1,0,0,0
"ZNF225",1,0,0,0
"STK32A",1,0,0,0
"NPAS2",1,0,0,0
"PCDH11Y",1,0,0,0
"SRP54",1,0,0,0
"KDM5D",1,0,0,1
"CTD-2189E23.1",1,0,0,0
"CACNA2D3",1,0,1,0
"FAM118A",1,0,0,1
"ATP1B2",1,0,0,0
"TMEM206",1,0,0,0
"TM2D3",1,0,0,0
"RP11-323P17.1",1,0,0,0
"KLHL28",1,0,0,0
"AKAP7",1,1,0,0
"NMNAT3",1,0,0,0
"PATJ",1,0,0,0
"CALN1",1,0,0,0
"ATP11B",1,0,0,0
"CTD-2026K11.6",1,0,0,0
"ZNF750",1,0,0,0
"TTLL4",1,0,0,0
"NBAS",1,0,0,0
"ADAMTS20",1,0,0,0
"SGSM1",1,0,0,0
"SLC35F3",1,0,0,0
"ATXN8OS",1,0,0,0
"SLC7A5",1,0,0,0
"TIMM44",1,0,0,0
"NKX2-2",1,1,0,0
"IWS1",1,0,0,0
"CDH20",1,0,0,0
"FREM2",1,0,0,0
"CSNK1A1",1,0,0,0
"RP11-169K16.9",1,0,0,0
"ZFAND3",1,0,0,0
"FERMT1",1,0,0,1
"KSR2",1,0,0,0
"ME3",1,0,0,0
"AC005592.2",1,0,0,0
"CDC37",1,0,0,0
"OLFM2",1,0,0,0
"VPS13C",1,0,0,0
"DENND2A",1,0,0,0
"MYCNOS",1,0,0,0
"MROH9",1,0,0,0
"TMEM176B",1,0,0,0
"ZRANB2",1,0,0,0
"PMP2",1,0,0,1
"SEC23A",1,0,0,0
"KHDRBS2",1,0,1,0
"MPHOSPH8",1,0,0,0
"AMER2",1,0,0,0
"FPGT-TNNI3K",1,0,0,0
"ANOS1",1,0,0,1
"SMAD3",1,0,0,0
"MLLT4",1,1,0,0
"AC074391.1",1,0,0,1
"CCDC186",1,0,0,0
"RP11-220I1.1",1,0,0,0
"KLHL24",1,0,0,0
"NXPE3",1,0,0,0
"ARHGAP35",1,0,0,0
"CTB-118P15.2",1,0,0,0
"KCNH7",1,0,1,0
"MEIS1",1,0,1,0
"HACL1",1,0,0,0
"SFMBT2",1,0,1,0
"SORL1",1,0,0,1
"PLPP4",1,0,0,0
"MOBP",1,0,0,0
"TCN2",1,0,0,0
"PRKACB",1,1,0,0
"UQCRH",1,0,0,0
"CCDC146",1,0,0,0
"SEMA5B",1,0,0,0
"KDM5A",1,0,0,0
"RP11-436K8.1",1,0,0,0
"TNFSF13B",1,0,0,0
"NBPF1",1,0,0,0
"TNRC6A",1,0,0,0
"KRI1",1,0,0,0
"CLSTN1",1,0,0,0
"RP11-58B17.1",1,0,0,0
"SEPP1",1,1,0,0
"BRSK1",1,0,0,0
"PTP4A1",1,0,0,1
"C19orf66",1,0,0,0
"EMC2",1,0,0,0
"NT5C2",1,0,0,0
"ASH2L",1,0,0,0
"GRB2",1,0,0,0
"SCP2",1,0,0,0
"ERBB4",1,1,0,1
"SDHA",1,0,0,0
"RP1-146A15.1",1,0,0,0
"CLASRP",1,0,0,0
"TVP23C",1,0,0,0
"MMP2",1,0,0,1
"MMP16",1,0,0,0
"ITGA8",1,0,0,0
"CXorf28",1,0,0,0
"MFSD2B",1,0,0,0
"CHST3",1,0,0,0
"RP11-30C8.2",1,0,0,0
"GIPC1",1,0,0,0
"MUM1",1,0,1,0
"FREM1",1,0,0,0
"SASH1",1,0,0,0
"COL4A3",1,0,0,0
"STIM1",1,0,0,0
"CTD-2230D16.1",1,0,0,0
"TRPC1",1,0,1,0
"CCDC14",1,0,0,0
"CAPZA1",1,0,0,0
"RALYL",1,0,0,0
"ZMYND8",1,0,0,1
"CTB-131B5.5",1,0,0,1
"MTCP1",1,0,0,0
"SH3RF3",1,0,0,1
"TMEM198B",1,0,0,0
"ZDHHC14",1,1,0,0
"ATP13A3",1,0,0,0
"SLC8A2",1,0,0,0
"ADORA1",1,0,0,0
"ARHGAP18",1,0,0,0
"PTP4A2",1,0,0,0
"SULF2",1,0,0,0
"PNISR",1,1,0,0
"RRAS2",1,0,0,0
"SSFA2",1,0,0,0
"RAPGEF2",1,0,0,0
"MT-ATP6",1,0,0,0
"CXXC5",1,0,0,0
"WWP2",1,0,0,0
"MCL1",1,0,0,0
"RASSF4",1,1,0,0
"GS1-114I9.3",1,0,0,0
"PDE3B",1,0,0,0
"LTBP1",1,1,0,0
"C5orf17",1,1,0,1
"RP11-776H12.1",1,0,0,0
"C1orf61",1,0,0,0
"RP11-103J8.1",1,0,0,0
"IQSEC2",1,0,0,0
"SMIM2-AS1",1,0,0,0
"MAML3",1,0,0,0
"CCDC175",1,0,0,0
"KLHL1",1,0,0,0
"ADCK1",1,0,0,0
"RP11-179A16.1",1,0,1,0
"PDZRN4",1,0,0,0
"RP11-460M2.1",1,0,0,0
"RP11-384E5.2",1,0,0,0
"RPH3A",1,0,0,0
"PIP5K1B",1,0,0,0
"EGFR",1,0,0,0
"RPL18",1,0,0,0
"NAT8L",1,0,0,0
"KYNU",1,0,0,0
"TXNIP",1,1,0,0
"SHANK2",1,0,0,0
"IQCJ-SCHIP1",1,0,0,0
"ADGRG1",1,0,0,0
"VPS45",1,0,0,0
"MERTK",1,0,0,1
"MAF",1,0,0,0
"RP11-308N19.1",1,0,0,0
"MGAT4A",1,0,0,1
"SPRED1",1,0,0,0
"CREB1",1,0,0,0
"ATP2B1",1,0,0,0
"NDRG3",1,0,0,0
"PDE4B",1,0,0,0
"RP11-345J4.8",1,0,0,0
"WDR17",1,1,0,0
"CACNG5",1,0,0,0
"HIF3A",1,0,1,0
"LHPP",1,0,0,0
"RUNDC3B",1,0,0,0
"RNF180",1,0,0,0
"PTPRM",1,0,0,0
"TLE1",1,0,1,0
"CACNA1A",1,0,0,0
"GSG1L",1,0,0,0
"TTC39B",1,0,0,0
"GBF1",1,0,0,0
"ADRA1A",1,0,0,0
"ARAP2",1,0,0,0
"GINS3",1,0,0,1
"RP11-278H7.1",1,0,0,0
"LRAT",1,0,0,0
"TSPAN7",1,0,0,0
"PHF6",1,0,0,0
"PRDX4",1,0,0,0
"RPAP1",1,0,0,0
"CD47",1,0,0,0
"SUGP2",1,0,0,0
"AGAP6",1,0,0,0
"RAB31",1,0,0,1
"SLU7",1,0,0,0
"MDFI",1,0,0,0
"FANCC",1,0,0,0
"BRD8",1,0,0,0
"KCNMA1",1,0,0,0
"CPEB4",1,0,0,0
"FBN2",1,0,0,1
"RP11-384J4.2",1,0,0,0
"GALR1",1,0,0,0
"ROBO2",1,0,0,0
"PPM1L",1,1,0,0
"RP11-397E7.6",1,0,0,0
"BEST3",1,0,0,0
"ADAMTS17",1,0,0,1
"CENPP",1,0,0,0
"LBR",1,1,0,0
"FSD2",1,0,0,0
"ANKHD1",1,0,0,0
"GRB10",1,1,0,0
"SYNE2",1,0,0,0
"SMAD5",1,0,0,1
"NEDD4",1,1,0,0
"ASPM",1,0,0,0
"NEK10",1,1,0,0
"CSGALNACT1",1,0,0,0
"UTP23",1,0,0,0
"OSBP2",1,0,0,0
"ADAM33",1,0,0,0
"PEG10",1,0,0,0
"CHST8",1,0,0,0
"RNF24",1,0,0,0
"ALDH1L1",1,0,0,0
"GNAO1",1,1,0,0
"REV3L",1,0,0,0
"RASGEF1B",1,0,1,0
"BAZ1A",1,0,0,0
"TNS3",1,0,0,0
"ACSL3",1,0,0,0
"MIR100HG",1,0,0,0
"EPB41L2",1,0,0,1
"TNKS",1,0,0,0
"FAM111A",1,0,0,0
"CRTAC1",1,0,0,0
"AARS",1,0,0,0
"CHAMP1",1,0,0,0
"SGCB",1,0,0,0
"EPS8",1,1,0,0
"BMPR1B",1,0,0,0
"PTPRJ",1,0,0,1
"TPCN2",1,0,0,0
"NEK5",1,0,0,0
"ADAMTS6",1,0,1,0
"ZNF469",1,0,0,0
"TMTC2",1,0,0,0
"FNDC3B",1,0,0,0
"SOX11",1,0,0,0
"EZH2",1,0,0,0
"DTNA",1,0,0,1
"FGF14",1,0,0,0
"ABCC8",1,0,0,0
"NCOR2",1,1,0,0
"RP11-293N1.1",1,0,0,0
"MGLL",1,0,0,0
"PAK1",1,1,0,0
"TLE2",1,0,0,0
"SYTL4",1,0,1,0
"NFATC2IP",1,0,0,0
"AJAP1",1,0,0,0
"TCF7L2",1,0,0,0
"GABRB2",1,0,0,0
"MIR99AHG",1,0,0,1
"PCNT",1,0,0,0
"PTAFR",1,0,0,1
"MAP7",1,0,0,0
"ARHGAP24",1,0,0,1
"HERC6",1,0,0,0
"NAALADL2",1,0,0,0
"SLC19A2",1,0,0,1
"CA1",1,0,0,0
"CCDC25",1,0,0,0
"RFX3",1,0,0,0
"TMEM214",1,0,0,0
"LRRC1",1,1,1,0
"BIRC2",1,0,0,0
"AC074363.1",1,0,0,0
"EPHA6",1,0,1,0
"ADD3",1,0,0,0
"KCND3",1,0,0,0
"CADM1",1,0,0,0
"ZNF148",1,0,0,0
"KDM4C",1,0,0,0
"MAP4K3",1,0,0,0
"GBP3",1,0,0,0
"RP11-1078H9.5",1,0,0,0
"ZNF804A",1,0,0,0
"GRIN2D",1,0,0,0
"CDK8",1,0,0,0
"CNTN6",1,0,0,0
"PACRG",1,0,0,0
"SPECC1",1,0,0,0
"LARGE",1,0,0,0
"AC093734.11",1,0,0,0
"FLRT2",1,0,1,0
"AGPAT4",1,0,0,0
"PDPK1",1,0,0,0
"SLC9A1",1,0,0,0
"CTD-2335A18.1",1,0,0,0
"SEL1L3",1,0,0,0
"SHISA9",1,0,0,0
"AC079610.1",1,0,0,0
"JPX",1,0,0,0
"TIMM50",1,0,0,0
"ATE1",1,0,0,1
"TTLL6",1,0,0,0
"KLHDC2",1,0,0,0
"ASAP1",1,1,0,0
"CPNE5",1,0,0,0
"SLC24A3",1,0,0,0
"SESN3",1,1,0,0
"COLGALT2",1,0,0,0
"FAM133A",1,0,0,0
"C6orf120",1,0,0,0
"RP11-473M20.7",1,0,0,1
"ATP13A4",1,0,0,1
"TAF3",1,0,0,0
"C15orf41",1,0,0,0
"TENM3",1,1,0,0
"SLC25A36",1,0,0,0
"GAD1",1,0,0,0
"IFNGR1",1,0,0,1
"BACE1",1,0,0,0
"EPHB2",1,0,0,0
"KCNQ5",1,0,0,0
"CYB5B",1,0,0,1
"PC",1,0,0,0
"ZNF202",1,0,0,0
"VCAN",1,0,0,0
"C18orf54",1,0,0,0
"KIF5B",1,0,0,0
"BAZ2B",1,0,0,0
"GRIP1",1,0,0,0
"CCDC28A",1,0,0,0
"GPR17",1,0,0,0
"RAB20",1,0,0,0
"INTS10",1,0,0,0
"SUZ12P",1,0,0,0
"TEK",1,0,0,1
"GULP1",1,0,0,1
"ADCY2",1,0,0,0
"NBN",1,0,0,0
"ACAT1",1,0,0,0
"PCDH7",1,0,0,0
"TPD52L1",1,0,0,0
"TMCC3",1,0,0,0
"ATP2C2",1,0,0,0
"SORBS1",1,0,0,0
"CLDN11",1,0,0,0
"KIAA1217",1,0,0,0
"ZFAND4",1,0,0,0
"ZFYVE16",1,1,1,0
"LINC00461",1,0,1,0
"CSPG4",1,0,0,0
"SLC35F1",1,0,0,0
"TCF7L1",1,0,0,0
"TRIM67",1,0,0,0
"PDE1C",1,1,0,0
"TMEM237",1,0,0,0
"SRGAP3",1,0,0,0
"ZER1",1,0,0,0
"FRMD5",1,0,1,0
"DGKG",1,0,1,0
"RP11-159F24.1",1,0,0,0
"ZNF283",1,0,0,0
"NEAT1",1,0,0,1
"CTD-2066L21.3",1,0,0,0
"PSEN2",1,0,0,0
"DKK3",1,0,0,0
"DNAJC21",1,0,0,0
"AC005752.10",1,0,0,0
"IGSF11",1,0,0,0
"TSC22D1",1,0,0,0
"MB21D2",1,0,0,1
"UTRN",1,0,0,0
"VIPR2",1,0,0,0
"SPOCK3",1,0,1,0
"RP11-761I4.3",1,0,0,0
"C7orf60",1,0,0,0
"DDX60L",1,0,0,0
"ARHGAP21",1,0,0,1
"XPR1",1,0,0,0
"HK1",1,0,0,0
"CUL4B",1,0,0,0
"RAI14",1,0,0,0
"LRP1B",1,1,0,0
"CDK18",1,0,0,0
"ADAM28",1,0,0,1
"TMEM232",1,1,0,0
"GALNT14",1,0,0,0
"MED20",1,0,0,0
"MIPOL1",1,1,0,0
"AFF3",1,0,0,1
"PDK1",1,0,0,0
"BLOC1S6",1,0,0,0
"ENPP6",1,0,0,0
"DGKB",1,0,1,0
"CFAP161",1,0,0,0
"MEIS2",1,1,0,0
"SLC9B1",1,0,0,0
"EGR1",1,0,1,0
"SEMA3C",1,0,0,0
"SPARCL1",1,0,1,0
"INPP4B",1,0,0,0
"CHL1",1,0,0,0
"NLK",1,0,0,1
"ARL15",1,0,0,0
"RP11-381K20.2",1,1,0,0
"CLSTN2",1,0,0,0
"CLCN7",1,0,0,1
"RAB10",1,0,1,0
"NFIA",1,1,0,0
"CH17-189H20.1",1,0,0,0
"HSP90B1",1,1,1,0
"USP28",1,0,0,0
"PPFIBP1",1,0,0,0
"CEP250",1,0,0,0
"IQSEC1",1,0,0,0
"RP11-551L14.5",1,0,0,0
"TMEM132B",1,0,1,0
"PRPSAP1",1,0,0,0
"FOS",1,0,0,1
"RP11-368L12.1",1,0,0,0
"RP1-158P9.2",1,0,1,0
"DYNC2H1",1,0,0,0
"NCKAP1",1,1,0,0
"CENPJ",1,0,0,0
"TPM1",1,0,0,0
"RHBDL3",1,0,0,0
"TMEM200C",1,0,0,0
"LIMD1",1,0,0,0
"CCDC60",1,0,0,0
"SPEN",1,0,1,0
"RP5-1070A16.1",1,0,0,0
"NBPF11",1,0,0,0
"FAM104B",1,0,0,0
"PRUNE2",1,1,0,0
"ACADL",1,0,0,0
"CEP104",1,0,0,0
"TSHZ2",1,0,0,0
"AZIN2",1,0,0,0
"ZHX2",1,0,0,0
"UNC13C",1,0,0,0
"C1orf21",1,0,0,0
"RBFOX1",1,1,1,0
"SMARCD2",1,0,0,0
"MIRLET7BHG",1,0,0,0
"BCAS1",1,1,0,0
"RORA",1,0,0,0
"ST6GALNAC5",1,0,0,0
"RP11-379H18.1",1,0,0,0
"CDH18",1,0,0,0
"ZBTB16",1,0,0,0
"RP11-120J1.1",1,0,0,0
"GOLPH3",1,0,0,0
"ZBTB20",1,0,0,0
"CELF2",1,0,0,0
"CCDC112",1,0,0,0
"GRIA1",1,1,0,0
"CYP3A5",1,0,0,0
"COMMD7",1,0,0,0
"PLG",1,0,0,0
"AP3B2",1,0,0,0
"OSBPL1A",1,0,0,0
"CTD-2192D1.1",1,0,0,0
"AC064875.2",1,0,0,0
"SAMD12",1,0,0,0
"CYP7B1",1,0,0,0
"LRRC7",1,0,0,0
"RP11-848P1.9",1,0,0,0
"GYPC",1,0,0,0
"BEND4",1,0,0,0
"KIAA0319",1,0,0,0
"SGCZ",1,0,1,0
"ZNF649",1,0,0,0
"FAM19A1",1,0,0,1
"KLHL4",1,0,0,0
"RP11-631M6.2",1,0,0,0
"RFWD3",1,0,0,0
"ARVCF",1,0,0,0
"FKBP5",1,1,1,0
"WASHC2A",1,0,0,0
"MRPL35",1,0,0,0
"SLC7A6OS",1,0,0,0
"GATB",1,0,0,0
"WDR91",1,0,0,0
"NRXN3",1,0,1,0
"C14orf93",1,0,0,0
"NUP98",1,0,0,0
"RANBP17",1,1,0,0
"ADGRL3",1,0,0,0
"DENND4A",1,0,0,0
"ARRB2",1,0,0,0
"CERS2",1,0,0,0
"PHLDB1",1,0,0,0
"FGF12",1,0,0,0
"NOS1AP",1,0,0,0
"RP11-886D15.1",1,0,0,0
"DHX57",1,0,0,0
"FAM69A",1,0,0,0
"AP000279.69",1,0,0,0
"SEMA6A",1,0,0,0
"CTC-467M3.1",1,0,0,0
"RP11-463J10.2",1,0,0,0
"C10orf11",1,0,1,1
"FAM71D",1,0,0,0
"CHRDL1",1,0,0,0
"CREM",1,0,0,1
"GNG4",1,0,0,0
"ANO3",1,0,0,0
"AC005537.2",1,0,0,0
"PPP2R2B",1,0,0,1
"REEP1",1,1,0,0
"NOVA1",1,0,0,0
"HIVEP1",1,0,1,0
"AC091814.2",1,0,0,0
"CA10",1,0,0,0
"ZEB1",1,0,0,0
"RP11-631N16.2",1,0,0,0
"SUSD4",1,0,0,0
"CSNK1G1",1,0,0,0
"ACTL6B",1,0,0,0
"C9orf37",1,0,0,0
"HYPK",1,0,0,0
"CTC-358I24.1",1,0,0,0
"PDGFRA",1,0,0,0
"KHK",1,0,0,0
"GALNT8",1,0,0,0
"ANK2",1,0,1,0
"ATRNL1",1,0,0,0
"FBXO31",1,0,0,0
"DNPH1",1,0,0,0
"TMX1",1,0,0,0
"CTC-260E6.6",1,0,0,0
"DPYD",1,0,0,1
"SSR3",1,0,0,0
"ASNA1",1,0,0,0
"LDLRAD4",1,0,0,0
"TRAM2",1,0,0,0
"PSMD5",1,0,0,0
"CTA-215D11.6",1,0,0,0
"TAOK3",1,0,0,0
"NKAIN3",1,0,1,0
"RP4-555D20.2",1,0,0,0
"YIPF5",1,0,0,0
"CTD-3006G17.2",1,0,0,0
"NEDD1",1,0,0,0
"KLHL11",1,0,0,0
"RP11-752D24.3",1,0,0,0
"SMC1A",1,0,0,0
"TMEM33",1,0,0,0
"PEPD",1,0,0,0
"SLC41A3",1,0,0,0
"PBX4",1,0,0,0
"ZMYND19",1,0,0,0
"PCDH15",1,0,0,0
"SYT6",1,0,0,1
"MAP3K5",1,0,0,1
"TTR",1,0,0,0
"FKBP14",1,0,0,0
"TANC2",1,0,0,1
"BRMS1",1,0,0,0
"DNAJB1",1,0,0,0
"WNT7A",1,0,0,0
"AUTS2",1,0,0,0
"RP11-62I21.1",1,0,0,0
"SEMA6D",1,0,0,0
"KDM8",1,0,0,0
"JAZF1",1,1,0,1
"RP11-406A9.2",1,0,0,0
"LSAMP",1,1,0,0
"PCNX3",1,0,0,1
"POFUT1",1,0,0,0
"RPL23AP79",1,0,0,0
"AC074141.3",1,0,0,0
"ZNF287",1,0,0,0
"CPO",1,0,0,0
"RP11-327J17.3",1,0,0,0
"PTPRZ1",1,0,0,0
"PHKG2",1,0,0,0
"EGFEM1P",1,0,0,0
"CCSER1",1,0,0,0
"THBS3",1,0,0,0
"FLT3",1,0,0,0
"RP11-646I6.3",1,0,0,0
"HS6ST3",1,0,0,0
"EXOC8",1,0,0,0
"RP11-31F15.2",1,0,0,0
"MAP2",1,0,0,0
"AC007193.6",1,0,0,0
"TMEM208",1,0,0,0
"COPS7B",1,0,0,0
"TTPA",1,0,0,0
"SOX2-OT",1,0,0,0
"SRPX2",1,0,1,0
"EFCAB1",1,0,0,0
"UAP1",1,0,0,0
"AP000233.4",1,0,0,0
"C1QTNF7",1,0,0,0
"TRIO",1,0,0,0
"CNTN5",1,0,0,0
"RBM5-AS1",1,0,0,0
"BHLHE22",1,0,0,0
"PAQR6",1,0,0,0
"ZSWIM4",0,1,0,0
"CPB1",0,1,0,0
"GREB1L",0,1,0,0
"ERCC1",0,1,0,0
"RFT1",0,1,0,0
"PSMD14",0,1,0,0
"AC108142.1",0,1,0,0
"UTY",0,1,1,1
"COX5B",0,1,0,1
"RPL23",0,1,0,0
"GTF3C6",0,1,0,0
"USP53",0,1,1,0
"FOXK2",0,1,0,0
"RP11-729M20.1",0,1,0,0
"SNRNP70",0,1,0,0
"DGKE",0,1,0,0
"KHDRBS3",0,1,0,0
"THAP6",0,1,1,0
"NMUR2",0,1,0,0
"DAP",0,1,0,0
"DAP3",0,1,0,0
"TTC9C",0,1,0,0
"SMARCC1",0,1,0,0
"TOX3",0,1,0,0
"GAS2",0,1,0,0
"ZBED4",0,1,0,1
"INSR",0,1,0,1
"RPS29",0,1,0,0
"CMTM4",0,1,0,0
"NLN",0,1,0,0
"POM121",0,1,0,0
"NCSTN",0,1,0,0
"RP11-553A10.2",0,1,0,0
"AATK",0,1,0,0
"AOAH",0,1,0,1
"TFAP2E",0,1,0,0
"PLEKHH1",0,1,0,1
"RP11-456A18.1",0,1,0,0
"FBXO32",0,1,0,0
"PCSK6",0,1,0,0
"DIMT1",0,1,0,0
"ARHGEF2",0,1,0,0
"CTD-2527I21.11",0,1,0,0
"SUGT1",0,1,0,0
"AL035209.2",0,1,0,0
"ASAP2",0,1,0,0
"FA2H",0,1,0,0
"SH3BP5",0,1,0,0
"PLXNB3",0,1,0,0
"BCAT1",0,1,0,0
"PSAP",0,1,0,0
"CCNT2",0,1,0,0
"RP11-259K15.3",0,1,1,0
"ATF7IP",0,1,0,0
"CATSPERG",0,1,0,0
"RNFT2",0,1,0,0
"RP11-477J21.7",0,1,0,0
"DLAT",0,1,0,0
"LACC1",0,1,0,0
"FGGY",0,1,0,0
"C16orf88",0,1,1,0
"LAS1L",0,1,0,0
"CCDC149",0,1,0,0
"TBCB",0,1,0,0
"AC091969.1",0,1,0,0
"AP3M2",0,1,0,0
"FAT2",0,1,0,1
"COL6A6",0,1,0,0
"SUPT5H",0,1,0,0
"OPTN",0,1,0,0
"RNF111",0,1,0,0
"SIPA1L1",0,1,0,0
"TMEM120B",0,1,0,0
"ZNF608",0,1,0,0
"PPP6C",0,1,0,0
"WDR59",0,1,0,0
"EIF4G3",0,1,0,1
"PAN2",0,1,0,0
"CADM4",0,1,0,0
"RP11-210M15.2",0,1,0,0
"RIOK3",0,1,0,0
"KBTBD3",0,1,0,0
"NOP14",0,1,0,0
"PIEZO2",0,1,0,1
"MEGF10",0,1,0,0
"YARS",0,1,0,0
"RP11-65B7.2",0,1,0,0
"NTNG2",0,1,0,0
"FAM126A",0,1,0,0
"BBS2",0,1,1,0
"SBF1",0,1,0,0
"CBL",0,1,0,0
"TTBK2",0,1,0,0
"ZNF107",0,1,0,0
"PRMT1",0,1,0,0
"SRPK1",0,1,0,0
"MEF2A",0,1,0,0
"C11orf73",0,1,0,0
"RP11-298D21.1",0,1,0,0
"RASAL1",0,1,0,0
"AP4S1",0,1,0,0
"KIF27",0,1,0,0
"FAM229B",0,1,0,0
"ACTR1B",0,1,0,0
"MAGEC3",0,1,0,0
"RP11-496D24.2",0,1,0,0
"UBA3",0,1,0,0
"RP13-104F24.2",0,1,0,0
"NUP210",0,1,0,0
"RILPL1",0,1,0,0
"MYO15B",0,1,1,0
"KLHL3",0,1,0,0
"L3MBTL1",0,1,0,0
"TMEM9B",0,1,0,0
"EIF4E",0,1,0,0
"FAM171A1",0,1,0,0
"CHRM5",0,1,0,0
"FAM134B",0,1,1,0
"TAB1",0,1,1,0
"DCAF16",0,1,0,0
"ASPH",0,1,0,0
"TARSL2",0,1,0,0
"RRP1B",0,1,0,0
"CTA-292E10.6",0,1,0,0
"TRIM24",0,1,0,0
"EP400",0,1,0,0
"EPB41L1",0,1,0,0
"FBRS",0,1,0,0
"APOD",0,1,0,0
"RP11-323I15.5",0,1,0,0
"HDAC4",0,1,0,1
"CAMK2N1",0,1,0,0
"MTSS1",0,1,0,0
"MANBA",0,1,0,0
"CERCAM",0,1,0,0
"MAPK8IP3",0,1,0,0
"YPEL2",0,1,1,0
"ACTN2",0,1,0,0
"RIF1",0,1,0,1
"TRAF3",0,1,0,1
"GLCE",0,1,0,0
"ELF1",0,1,0,0
"CCT2",0,1,0,0
"MIB1",0,1,0,0
"DIS3L",0,1,0,0
"MPDU1",0,1,0,1
"C6orf89",0,1,0,0
"SLC12A2",0,1,0,0
"RNF216",0,1,0,0
"GPATCH11",0,1,0,0
"PPP6R1",0,1,0,0
"HAGLR",0,1,0,0
"MT-RNR2",0,1,0,0
"SRSF3",0,1,1,0
"AC012494.1",0,1,0,0
"RPS20",0,1,0,0
"BNIP3L",0,1,0,0
"CAMK2D",0,1,0,0
"DPYSL2",0,1,0,0
"DYNC1LI1",0,1,0,1
"ZNF462",0,1,1,0
"ATXN2",0,1,0,0
"RALGPS1",0,1,0,0
"HEG1",0,1,0,0
"RPL10",0,1,0,0
"RP11-799O21.2",0,1,0,0
"SF3B2",0,1,0,0
"CCDC138",0,1,0,0
"C16orf87",0,1,0,0
"KMT2E",0,1,0,1
"CLASP1",0,1,0,0
"UBAP2L",0,1,0,0
"CTC-228N24.3",0,1,0,0
"ZSCAN5A",0,1,0,0
"NR2C1",0,1,0,0
"IMPAD1",0,1,0,1
"C9orf84",0,1,0,1
"HECTD1",0,1,0,0
"ARPP21",0,1,0,1
"SLC36A1",0,1,0,0
"RP11-446H18.5",0,1,0,0
"CNTN1",0,1,0,0
"TYW1",0,1,0,0
"ZBTB25",0,1,0,0
"CHST10",0,1,0,0
"AC012593.1",0,1,0,0
"RP11-322M19.1",0,1,0,0
"ZFY",0,1,0,0
"SEC63",0,1,0,0
"MORF4L1",0,1,0,0
"SSR1",0,1,0,0
"NPL",0,1,1,0
"CDH1",0,1,0,0
"EXD3",0,1,0,0
"OXR1",0,1,1,1
"MAN2A2",0,1,0,0
"XPO1",0,1,0,1
"SPP1",0,1,0,1
"SEMA4C",0,1,0,0
"SMEK1",0,1,0,0
"USP24",0,1,0,1
"ZNF493",0,1,0,0
"ZSCAN1",0,1,0,0
"ZMIZ2",0,1,0,0
"RSBN1L",0,1,0,0
"FAM13C",0,1,0,0
"ZNF138",0,1,0,0
"MAP2K4",0,1,0,1
"ETAA1",0,1,0,0
"ACAP3",0,1,0,0
"ZHX3",0,1,0,0
"EIF3B",0,1,1,0
"USP47",0,1,0,0
"NR1D2",0,1,0,0
"NRF1",0,1,0,0
"RBM28",0,1,1,0
"MTCH1",0,1,0,0
"TMED4",0,1,0,0
"NAGLU",0,1,0,0
"EZH1",0,1,0,0
"TRIM66",0,1,0,0
"TSC2",0,1,0,0
"SRGAP1",0,1,0,0
"ARMCX3",0,1,0,0
"PIGT",0,1,0,0
"HNRNPA2B1",0,1,0,1
"TMED10",0,1,0,1
"CLCN4",0,1,1,0
"SOGA1",0,1,0,0
"MPP2",0,1,0,0
"YY1",0,1,0,0
"TSG101",0,1,0,0
"ZNF24",0,1,0,0
"PPP2R2C",0,1,0,0
"AC012307.3",0,1,0,0
"TMEM63A",0,1,0,0
"USP5",0,1,0,0
"PON2",0,1,0,0
"HIST1H2AC",0,1,0,0
"FCHO1",0,1,0,0
"CREBRF",0,1,0,0
"SRP19",0,1,0,0
"SCRN1",0,1,0,0
"ATP6V0A1",0,1,0,0
"MARCH6",0,1,0,0
"GMPS",0,1,0,0
"BRAP",0,1,0,0
"CD59",0,1,0,0
"CSMD2",0,1,0,0
"CHMP7",0,1,0,0
"CPSF6",0,1,0,0
"LRRC4C",0,1,0,0
"GPR137C",0,1,0,0
"DYRK1A",0,1,0,0
"ZNF346",0,1,0,0
"TCEAL1",0,1,0,0
"CDK5RAP2",0,1,0,0
"HSPB11",0,1,0,0
"RP11-231E4.3",0,1,0,0
"RANGAP1",0,1,0,0
"NR3C1",0,1,0,0
"CLU",0,1,1,0
"LINC00511",0,1,0,0
"RAB11FIP4",0,1,0,0
"CPEB3",0,1,0,1
"RAD52",0,1,0,0
"ARNT",0,1,0,0
"UPF3B",0,1,0,1
"CPNE2",0,1,0,0
"SPG11",0,1,0,0
"CHST6",0,1,0,0
"RNASE1",0,1,0,0
"NECAB1",0,1,0,0
"ASTN1",0,1,0,0
"KMT5C",0,1,0,0
"PRNP",0,1,0,0
"CPXM2",0,1,0,0
"NENF",0,1,0,0
"PUS7",0,1,0,0
"CEP85L",0,1,0,1
"SERAC1",0,1,0,0
"KIF6",0,1,0,0
"KIAA0556",0,1,0,0
"RP11-339B21.12",0,1,0,0
"TF",0,1,1,0
"NEK3",0,1,0,0
"ETS1",0,1,0,0
"ZNF333",0,1,0,0
"FAM168A",0,1,0,1
"REEP5",0,1,0,0
"AC004945.2",0,1,0,0
"PTPRF",0,1,0,0
"DDX55",0,1,0,0
"DHX9",0,1,0,0
"RP11-116N8.4",0,1,1,0
"NOTCH1",0,1,0,0
"SPTBN4",0,1,0,0
"BTBD2",0,1,0,0
"GPR62",0,1,0,0
"POLR3A",0,1,1,0
"TBRG1",0,1,0,1
"ERGIC1",0,1,0,0
"SHISA7",0,1,0,0
"FAM188A",0,1,0,0
"MGAT5",0,1,0,1
"HSPA4",0,1,0,0
"GABPB2",0,1,0,0
"MAL",0,1,0,0
"MIB2",0,1,0,0
"C1orf101",0,1,1,0
"MSL2",0,1,0,0
"SNHG5",0,1,0,0
"RGS7",0,1,0,0
"AMBRA1",0,1,0,0
"PLCG1",0,1,1,0
"RP11-783N5.1",0,1,1,0
"FAM19A4",0,1,0,0
"KIAA1841",0,1,0,0
"DAD1",0,1,0,1
"COL9A2",0,1,0,0
"H3F3B",0,1,0,1
"NFIB",0,1,0,0
"PLA2G16",0,1,0,0
"MAPKAPK5",0,1,0,0
"FAM160B1",0,1,0,0
"SRSF5",0,1,0,0
"SUCO",0,1,0,0
"CEP290",0,1,0,0
"SPTLC2",0,1,0,1
"FAIM2",0,1,0,0
"MPST",0,1,0,0
"HNRNPDL",0,1,0,0
"BRAF",0,1,0,0
"ARHGAP1",0,1,0,0
"VWA1",0,1,0,0
"FCHSD2",0,1,0,0
"PRKCI",0,1,0,0
"RP11-862P13.1",0,1,0,0
"USP34",0,1,0,0
"FOXO3",0,1,0,1
"C21orf131",0,1,0,0
"EPC1",0,1,0,0
"NOCT",0,1,0,0
"LAMA2",0,1,0,0
"RASGRF1",0,1,0,0
"AF131217.1",0,1,0,0
"GPHN",0,1,0,0
"CROCCP2",0,1,1,0
"ATP2B4",0,1,0,0
"FUT9",0,1,0,0
"BCR",0,1,0,0
"ATXN7L1",0,1,0,0
"IGSF1",0,1,0,0
"ATG13",0,1,0,0
"PREX2",0,1,0,0
"AFF1",0,1,0,0
"TTC7B",0,1,0,0
"LUZP2",0,1,1,0
"DSCAML1",0,1,0,0
"MEG3",0,1,0,0
"CNDP1",0,1,0,0
"GRID2",0,1,1,1
"AC007349.4",0,1,0,0
"CAMTA1",0,1,0,0
"CLOCK",0,1,0,0
"BBX",0,1,0,1
"FOXJ3",0,1,0,0
"RAB3IP",0,1,0,0
"STRADA",0,1,0,0
"SAMD4A",0,1,0,0
"GPR37",0,1,0,0
"MPDZ",0,1,0,0
"FAM69C",0,1,0,0
"CRYBG3",0,1,0,0
"GRIK2",0,1,0,0
"LANCL1",0,1,0,0
"DAPK2",0,1,0,0
"MAPK8",0,1,1,0
"KLHDC4",0,1,0,0
"BICC1",0,1,1,0
"MICU3",0,1,0,0
"TPPP",0,1,0,0
"RP11-384F7.2",0,1,0,0
"USP8",0,1,0,0
"SYNE1",0,1,1,0
"DPP6",0,1,0,0
"STEAP1B",0,1,0,0
"CCP110",0,1,0,1
"PTPN4",0,1,0,0
"EPB41L3",0,1,0,0
"RRP36",0,1,0,0
"TPD52",0,1,0,1
"RALGAPA1",0,1,1,0
"RP11-33N16.3",0,1,0,0
"SPIN3",0,1,0,0
"NPTX2",0,1,0,0
"ERMN",0,1,0,0
"RP11-141M1.3",0,1,0,0
"TANC1",0,1,0,0
"ZNF83",0,1,0,1
"CHD9",0,1,0,0
"PPP4R2",0,1,1,0
"ELOVL7",0,1,0,0
"ITGB8",0,1,0,0
"CNKSR2",0,1,0,0
"ZNF445",0,1,0,0
"ANKRD44",0,1,1,0
"WDPCP",0,1,0,0
"SKA2",0,1,0,0
"CDH11",0,1,0,0
"SMIM7",0,1,0,0
"PDCD1LG2",0,1,0,1
"TMEM135",0,1,0,0
"CCDC122",0,1,0,0
"GNAI1",0,1,0,0
"TTLL11",0,1,0,0
"MMAB",0,1,0,0
"ABHD17B",0,1,0,0
"SGIP1",0,1,1,0
"RP11-320P7.2",0,1,0,0
"FRMD8",0,1,0,0
"SETD7",0,1,0,0
"RAB27A",0,1,0,0
"USP31",0,1,0,0
"ADGRE5",0,1,0,0
"THSD7A",0,1,1,0
"ANAPC10",0,1,0,0
"HNRNPA1",0,1,0,0
"ANKRD17",0,1,0,0
"DTNB",0,1,0,1
"JUN",0,1,0,1
"GPR135",0,1,0,0
"CTNNA3",0,1,0,0
"PPP1R21",0,1,0,0
"SCRG1",0,1,0,1
"DPY19L3",0,1,0,0
"FRK",0,1,0,0
"SMARCAD1",0,1,0,0
"WASHC3",0,1,0,0
"ADCY3",0,1,0,1
"PDE1A",0,1,0,0
"CCDC162P",0,1,0,0
"FRG1CP",0,1,0,0
"CPVL",0,1,0,1
"STARD13",0,1,0,0
"ROR1",0,1,0,0
"TESK2",0,1,0,0
"DDX3X",0,1,0,0
"PLEKHG1",0,1,0,0
"ENKUR",0,1,0,0
"SCART1",0,1,0,0
"IP6K1",0,1,0,0
"PMS1",0,1,0,0
"SNX16",0,1,0,0
"TTYH2",0,1,0,0
"FAM19A5",0,1,0,0
"MAGI1",0,1,0,0
"USP6NL",0,1,0,0
"POLA2",0,1,0,0
"TMEM136",0,1,0,0
"FUT8",0,1,0,0
"PIK3C3",0,1,0,0
"TMEM260",0,1,0,0
"RAMP1",0,1,1,0
"ZNF326",0,1,0,0
"STRIP1",0,1,0,1
"PIK3CB",0,1,0,0
"TRIM35",0,1,0,0
"HADHA",0,1,0,0
"RP11-611E13.2",0,1,1,0
"SAMD4B",0,1,0,0
"SEPT7",0,1,0,0
"CTC-329D1.3",0,1,0,0
"ANP32B",0,1,0,0
"MTRF1",0,1,0,0
"CNP",0,1,0,0
"MIR325HG",0,1,0,0
"ZNF525",0,1,0,0
"UGT8",0,1,0,0
"CTC-459F4.2",0,1,0,0
"RP11-453E17.1",0,1,0,0
"ADAMTS8",0,1,0,0
"ANKRD28",0,1,0,0
"GPR158",0,1,0,0
"KCNMB4",0,1,0,0
"RP11-692D12.1",0,1,0,0
"TRAF1",0,1,0,0
"GFM2",0,1,0,0
"GLRA2",0,1,0,0
"TACC1",0,1,0,0
"ABCA8",0,1,0,0
"NEGR1",0,1,0,0
"SDCBP",0,1,0,0
"PFDN4",0,1,0,0
"RP11-93O7.5",0,1,0,0
"ADCY9",0,1,0,0
"SYT9",0,1,0,0
"PRKX",0,1,0,0
"PID1",0,1,0,0
"STMN4",0,1,0,0
"RALGDS",0,1,0,0
"GGT7",0,1,0,0
"GCC2",0,1,0,0
"AGO2",0,1,0,0
"ELK3",0,1,0,0
"RTN4",0,1,0,0
"RASSF2",0,1,0,0
"WDR48",0,1,0,0
"WDR7",0,1,0,0
"GALNT13",0,1,0,0
"NRXN1",0,1,0,0
"TNIK",0,1,0,0
"ANKRD50",0,1,0,0
"NDUFS2",0,1,0,0
"PDE4D",0,1,0,0
"KCND2",0,1,1,0
"PTK2",0,1,0,0
"PLP1",0,1,0,0
"LIMCH1",0,1,1,1
"MLLT3",0,1,0,0
"ADAMTS18",0,1,0,0
"NEDD4L",0,1,0,0
"SLA2",0,1,0,0
"HSPH1",0,1,0,1
"NKAIN2",0,1,0,1
"RP11-111A22.1",0,1,0,0
"MDGA2",0,1,1,0
"PCDH9",0,1,0,1
"ERICH5",0,0,1,0
"RP11-582J16.4",0,0,1,0
"PNPLA6",0,0,1,0
"AC004987.7",0,0,1,0
"CYP4F11",0,0,1,0
"MYH15",0,0,1,0
"CYP4F12",0,0,1,0
"ZSCAN31",0,0,1,0
"RP11-346I3.4",0,0,1,0
"TMPRSS5",0,0,1,0
"DDB2",0,0,1,0
"RP11-806O11.1",0,0,1,0
"MYOZ2",0,0,1,0
"TMEM258",0,0,1,0
"ZNF777",0,0,1,0
"AC012309.5",0,0,1,0
"CD58",0,0,1,0
"SLC28A3",0,0,1,0
"GBP2",0,0,1,0
"RP11-438E5.1",0,0,1,1
"RGN",0,0,1,0
"HPSE2",0,0,1,0
"LMNA",0,0,1,0
"DCC",0,0,1,0
"ZFYVE1",0,0,1,0
"HSD17B7P2",0,0,1,0
"CUL9",0,0,1,0
"PCF11",0,0,1,0
"RP11-733C7.2",0,0,1,0
"CNOT1",0,0,1,0
"AL592183.1",0,0,1,0
"SERPINE2",0,0,1,0
"ZIC5",0,0,1,0
"CPM",0,0,1,0
"RP11-317N12.1",0,0,1,0
"FAM13B",0,0,1,0
"JAK1",0,0,1,1
"FKBP15",0,0,1,1
"LSM5",0,0,1,0
"PREP",0,0,1,0
"ANAPC5",0,0,1,0
"TBC1D17",0,0,1,0
"NCRNA00185",0,0,1,0
"CAMK2G",0,0,1,0
"AC006547.13",0,0,1,0
"TOM1",0,0,1,0
"IFI16",0,0,1,0
"POLR2G",0,0,1,0
"IQCK",0,0,1,0
"ZNF429",0,0,1,0
"HHATL",0,0,1,1
"ANKRD36",0,0,1,0
"RBBP6",0,0,1,0
"CHKB",0,0,1,0
"VAC14",0,0,1,0
"CIRBP",0,0,1,0
"ERCC6",0,0,1,1
"N4BP2L2",0,0,1,0
"TMBIM6",0,0,1,0
"IL1RAPL1",0,0,1,0
"UXS1",0,0,1,0
"RP11-441O15.3",0,0,1,0
"TLE4",0,0,1,0
"UBE2R2",0,0,1,0
"TCF3",0,0,1,0
"NUDT6",0,0,1,1
"SLC38A2",0,0,1,0
"APOOL",0,0,1,0
"CTD-2201E18.3",0,0,1,0
"TMEM164",0,0,1,0
"SCYL3",0,0,1,0
"ST6GAL1",0,0,1,1
"PAPSS1",0,0,1,0
"LRP1",0,0,1,1
"TMEM144",0,0,1,0
"THRA",0,0,1,0
"ZNF98",0,0,1,0
"NKTR",0,0,1,0
"GFAP",0,0,1,0
"SF1",0,0,1,0
"RP11-96H19.1",0,0,1,0
"SEMA3A",0,0,1,0
"AC016747.2",0,0,1,0
"RP11-116N8.1",0,0,1,0
"SENP2",0,0,1,1
"YTHDC2",0,0,1,0
"RSRC1",0,0,1,0
"STX16",0,0,1,1
"RASGRP3",0,0,1,0
"ARHGEF3",0,0,1,0
"AC099057.8",0,0,1,0
"FEZ1",0,0,1,0
"PSMB2",0,0,1,0
"STYXL1",0,0,1,1
"DBX2",0,0,1,0
"QDPR",0,0,1,1
"DRAIC",0,0,1,0
"MT-ND4",0,0,1,0
"KCTD1",0,0,1,0
"ANGPTL4",0,0,1,0
"HDAC10",0,0,1,0
"DAPK3",0,0,1,0
"TBCA",0,0,1,0
"ACER3",0,0,1,0
"MEF2D",0,0,1,0
"PSD2",0,0,1,0
"INPP4A",0,0,1,0
"LMBR1",0,0,1,0
"PURG",0,0,1,0
"TCTN2",0,0,1,0
"FBXL4",0,0,1,1
"PLXNC1",0,0,1,0
"IKZF5",0,0,1,0
"TKT",0,0,1,1
"ARHGEF4",0,0,1,1
"HSPB8",0,0,1,0
"MT-CO2",0,0,1,0
"MAN1A2",0,0,1,0
"IGF2R",0,0,1,0
"GNA14",0,0,1,0
"ATG10",0,0,1,0
"STXBP3",0,0,1,0
"LETM2",0,0,1,0
"CYSTM1",0,0,1,0
"WDR27",0,0,1,0
"TOGARAM2",0,0,1,0
"ARHGEF17",0,0,1,0
"EFR3B",0,0,1,0
"SPOP",0,0,1,1
"SNTG1",0,0,1,0
"ARHGAP29",0,0,1,0
"KCTD15",0,0,1,0
"MRPS30",0,0,1,0
"PFKFB3",0,0,1,0
"ATP11C",0,0,1,0
"MTUS1",0,0,1,0
"MPRIP",0,0,1,0
"LLfos-48D6.2",0,0,1,0
"MARS",0,0,1,0
"WHAMM",0,0,1,0
"RAB3GAP1",0,0,1,0
"PDE3A",0,0,1,1
"FTCDNL1",0,0,1,0
"TSTD2",0,0,1,0
"DPY19L1",0,0,1,0
"WDR66",0,0,1,0
"BCAN",0,0,1,0
"ARRDC3",0,0,1,0
"PLK5",0,0,1,0
"ANAPC1",0,0,1,0
"CCDC7",0,0,1,0
"RP11-206L10.11",0,0,1,0
"RP11-398K22.12",0,0,1,0
"UBE3D",0,0,1,0
"RP11-563J2.2",0,0,1,0
"ZMYM2",0,0,1,0
"ERI3",0,0,1,0
"ANP32A",0,0,1,0
"FBXL20",0,0,1,0
"ELOVL5",0,0,1,0
"RP5-1049N15.2",0,0,1,0
"FAHD2CP",0,0,1,0
"ALK",0,0,1,0
"RHBDD3",0,0,1,0
"ZNRF2",0,0,1,0
"YPEL5",0,0,1,0
"NUP210L",0,0,1,0
"USP13",0,0,1,0
"RIN3",0,0,1,1
"DEF8",0,0,1,0
"WNK2",0,0,1,0
"RP5-1024N4.2",0,0,1,0
"RLF",0,0,1,0
"ZRSR2",0,0,1,1
"IL6R",0,0,1,0
"MFSD11",0,0,1,0
"MLH3",0,0,1,0
"PRIMPOL",0,0,1,0
"B3GAT2",0,0,1,0
"GOLGA5",0,0,1,0
"AVL9",0,0,1,0
"GLE1",0,0,1,0
"PSMG4",0,0,1,0
"GABRA2",0,0,1,0
"C16orf62",0,0,1,0
"RP11-447D11.2",0,0,1,0
"ACSL1",0,0,1,0
"SDK2",0,0,1,0
"JAKMIP3",0,0,1,0
"NCAN",0,0,1,0
"PHYKPL",0,0,1,0
"HSPA12A",0,0,1,0
"CARS2",0,0,1,0
"FLYWCH1",0,0,1,0
"RP4-562J12.2",0,0,1,0
"PLEKHB1",0,0,1,0
"MAOA",0,0,1,0
"RP5-1159O4.1",0,0,1,0
"SAP30BP",0,0,1,0
"ABCA5",0,0,1,0
"SOX9",0,0,1,0
"ZNF804B",0,0,1,0
"RP11-563J2.3",0,0,1,0
"HOMER2",0,0,1,0
"ABCA3",0,0,1,0
"TCEANC2",0,0,1,0
"ENO2",0,0,1,0
"AMZ2",0,0,1,0
"BAIAP2",0,0,1,0
"LCOR",0,0,1,0
"RHBDL2",0,0,1,0
"RP4-694B14.5",0,0,1,0
"NUBPL",0,0,1,0
"EVI5",0,0,1,0
"MVD",0,0,1,0
"AK8",0,0,1,0
"EWSR1",0,0,1,0
"TTN",0,0,1,0
"EXPH5",0,0,1,0
"IQCH",0,0,1,0
"SHROOM4",0,0,1,0
"ZDHHC24",0,0,1,0
"RP11-10O17.3",0,0,1,0
"CCDC144B",0,0,1,0
"TCFL5",0,0,1,0
"CNTN3",0,0,1,0
"FARP1",0,0,1,0
"RP11-799O21.1",0,0,1,0
"PACS1",0,0,1,0
"ATR",0,0,1,0
"THADA",0,0,1,0
"AGTPBP1",0,0,1,0
"ATF7IP2",0,0,1,0
"PAMR1",0,0,1,0
"ABCC4",0,0,1,0
"SOX9-AS1",0,0,1,0
"CLIC4",0,0,1,0
"SCAMP1",0,0,1,0
"SLC6A11",0,0,1,1
"IRS2",0,0,1,1
"RP11-163N6.2",0,0,1,0
"TP53BP1",0,0,1,1
"GCLC",0,0,1,0
"AGL",0,0,1,0
"RPS6KC1",0,0,1,0
"SLC25A18",0,0,1,0
"KLF9",0,0,1,0
"ONECUT1",0,0,1,0
"SLC8B1",0,0,1,0
"DENND1B",0,0,1,0
"DIO2",0,0,1,0
"RASD1",0,0,1,0
"RAB22A",0,0,1,0
"RIMS1",0,0,1,0
"HMGN3",0,0,1,0
"RP1-93I3.1",0,0,1,0
"DST",0,0,1,1
"WWC1",0,0,1,0
"RP11-81N13.1",0,0,1,0
"ETV6",0,0,1,1
"EMID1",0,0,1,0
"RP11-665G4.1",0,0,1,0
"SLF1",0,0,1,0
"ZNF783",0,0,1,0
"B3GLCT",0,0,1,0
"SNAP23",0,0,1,0
"GLRX3",0,0,1,0
"GMNN",0,0,1,0
"DIXDC1",0,0,1,0
"EPS15L1",0,0,1,0
"KLHL32",0,0,1,0
"FZD4",0,0,1,0
"FUCA1",0,0,1,1
"RAB11A",0,0,1,0
"PNPLA7",0,0,1,0
"PPA1",0,0,1,0
"TUG1",0,0,1,1
"KCNN2",0,0,1,0
"KDELR2",0,0,1,0
"CEP192",0,0,1,0
"IPO11",0,0,1,0
"OTUD7B",0,0,1,0
"GAB1",0,0,1,0
"HYDIN",0,0,1,0
"FERMT2",0,0,1,0
"EFR3A",0,0,1,0
"UBC",0,0,1,0
"HYDIN2",0,0,1,0
"RUNX1T1",0,0,1,0
"CRTC3",0,0,1,0
"WBP2NL",0,0,1,0
"ABTB2",0,0,1,1
"OSGIN2",0,0,1,0
"SLC24A4",0,0,1,0
"PLEC",0,0,1,0
"DAPK1",0,0,1,0
"BHMT2",0,0,1,0
"RP11-345M22.1",0,0,1,0
"CTD-2378E12.1",0,0,1,0
"RP1-222E13.10",0,0,1,0
"FGD6",0,0,1,0
"CLK4",0,0,1,0
"CD44",0,0,1,0
"CP",0,0,1,0
"CST3",0,0,1,0
"PADI2",0,0,1,0
"QKI",0,0,1,1
"ZFHX3",0,0,1,1
"VWCE",0,0,1,0
"ETV5",0,0,1,0
"FZD6",0,0,1,0
"COL5A3",0,0,1,0
"ETV1",0,0,1,0
"KCNE4",0,0,1,0
"INTS4P1",0,0,1,0
"FZD3",0,0,1,0
"NFATC2",0,0,1,0
"LAMA4",0,0,1,0
"MGMT",0,0,1,0
"HVCN1",0,0,1,1
"ITGA7",0,0,1,0
"TMEM55B",0,0,1,0
"ATP8A1",0,0,1,0
"L3MBTL4",0,0,1,1
"P4HA2",0,0,1,0
"ITGA6",0,0,1,0
"WSB2",0,0,1,0
"NF1",0,0,1,1
"MRO",0,0,1,0
"NR3C2",0,0,1,0
"TXNRD1",0,0,1,0
"NLGN4X",0,0,1,0
"BCL6",0,0,1,0
"PARD3",0,0,1,0
"LRRTM4",0,0,1,0
"NFKBIA",0,0,1,0
"GEM",0,0,1,0
"AC093415.2",0,0,1,0
"TRNAU1AP",0,0,1,0
"NLGN1",0,0,1,0
"PCDHGB7",0,0,1,0
"RP5-907D15.2",0,0,1,0
"LRP4",0,0,1,0
"SLC24A2",0,0,1,0
"ACO2",0,0,1,0
"ACTB",0,0,1,0
"PRKCE",0,0,1,0
"GPR75-ASB3",0,0,1,0
"CHST9-AS1",0,0,1,0
"NRBP2",0,0,1,0
"RP11-206L10.9",0,0,1,0
"DAAM2",0,0,1,0
"JADE1",0,0,1,0
"GPR161",0,0,1,0
"GLCCI1",0,0,1,0
"RAB4A",0,0,1,0
"SLC25A3",0,0,1,0
"SREK1",0,0,1,0
"DIRC3",0,0,1,0
"PLCB1",0,0,1,0
"GARNL3",0,0,1,0
"ST18",0,0,1,0
"EDNRA",0,0,1,0
"PWRN1",0,0,1,0
"ZNF587",0,0,1,0
"SEMA4A",0,0,1,0
"SPAG1",0,0,1,0
"ELOVL2",0,0,1,0
"ST6GAL2",0,0,1,0
"MAPKAP1",0,0,1,0
"RP11-284M14.1",0,0,1,0
"CAST",0,0,1,1
"SLC7A2",0,0,1,0
"RP11-727A23.10",0,0,1,0
"HSP90AA1",0,0,1,1
"SLC9A9",0,0,1,1
"EIF4A2",0,0,1,0
"GRIA4",0,0,1,0
"ARHGAP6",0,0,1,0
"AGAP2",0,0,1,0
"TBC1D10A",0,0,1,0
"RP11-511B23.2",0,0,1,0
"MT1E",0,0,1,0
"CHST11",0,0,1,1
"RP4-673D20.3",0,0,1,0
"NEB",0,0,1,0
"NTRK2",0,0,1,0
"RNF144A",0,0,1,0
"CHKA",0,0,1,0
"MARCKS",0,0,1,1
"EEPD1",0,0,1,1
"SCG3",0,0,1,0
"DENND4C",0,0,1,0
"KB-1047C11.2",0,0,1,0
"PCLO",0,0,1,0
"GGTA1P",0,0,1,0
"ZNF217",0,0,1,0
"ENTPD5",0,0,1,0
"LINC01138",0,0,1,0
"DGKZ",0,0,1,0
"LHFP",0,0,1,0
"COL11A1",0,0,1,0
"BRINP1",0,0,1,0
"FRMPD4",0,0,1,0
"ALDH1A1",0,0,1,0
"MAMLD1",0,0,1,0
"RHOB",0,0,1,0
"TRIM9",0,0,1,0
"CTC-559E9.6",0,0,1,0
"ZDHHC5",0,0,1,0
"BLOC1S2",0,0,1,0
"PRKG1",0,0,1,0
"DISP3",0,0,1,0
"STOX1",0,0,1,0
"TAB2",0,0,1,0
"RP11-526N18.1",0,0,1,0
"BCAR3",0,0,1,0
"KIF13B",0,0,1,0
"DPYSL3",0,0,1,0
"ACSL6",0,0,1,0
"PRR5",0,0,1,0
"RP11-627D16.1",0,0,1,0
"MFSD2A",0,0,1,0
"HNRNPU",0,0,1,0
"NBPF19",0,0,1,0
"TBL1XR1",0,0,1,0
"MAP3K20",0,0,1,0
"SUSD6",0,0,1,0
"CDH8",0,0,1,0
"ENC1",0,0,1,0
"DUSP1",0,0,1,0
"TPCN1",0,0,1,0
"CA12",0,0,1,0
"TUBGCP6",0,0,1,0
"STXBP5L",0,0,1,0
"ABHD2",0,0,1,0
"GRIN2B",0,0,1,0
"TSPAN5",0,0,1,0
"PHYHD1",0,0,1,0
"VEGFA",0,0,1,0
"DDX31",0,0,1,0
"ENPP3",0,0,1,0
"SLC27A1",0,0,1,0
"MAGED1",0,0,1,0
"C1orf95",0,0,1,0
"NPTXR",0,0,1,0
"DOCK9",0,0,1,0
"AK9",0,0,1,0
"CDH13",0,0,1,0
"ESRRG",0,0,1,0
"CCDC80",0,0,1,0
"RP11-3B12.2",0,0,1,0
"FUBP1",0,0,1,0
"GRAMD1B",0,0,1,0
"UPF1",0,0,1,0
"USH1C",0,0,1,0
"KIAA0930",0,0,1,0
"APP",0,0,1,0
"DISC1",0,0,1,1
"TMTC1",0,0,1,0
"FAP",0,0,1,0
"C8orf46",0,0,1,0
"N4BP2",0,0,1,1
"SUCLG1",0,0,1,0
"LINC00836",0,0,1,0
"PCDH17",0,0,1,0
"C18orf8",0,0,1,0
"AC090044.1",0,0,1,1
"C9orf72",0,0,1,0
"WIF1",0,0,1,0
"KCNT2",0,0,1,0
"CTC-499B15.5",0,0,1,0
"LIX1",0,0,1,0
"C3",0,0,1,1
"SAMD8",0,0,1,0
"UBE2D1",0,0,1,0
"KANK1",0,0,1,0
"GPR173",0,0,1,0
"TBCCD1",0,0,1,0
"ST6GALNAC3",0,0,1,1
"LRRC3B",0,0,1,0
"RGCC",0,0,1,0
"HDX",0,0,1,0
"STON2",0,0,1,0
"SLC6A1",0,0,1,0
"ZNF16",0,0,1,0
"CTNNBIP1",0,0,1,0
"CLDN12",0,0,1,0
"DPP10",0,0,1,0
"LTBP3",0,0,1,0
"ATP9A",0,0,1,0
"CD164",0,0,1,0
"GNB4",0,0,1,0
"HECTD2",0,0,1,0
"TRAPPC11",0,0,1,0
"UBR1",0,0,1,0
"BDH2",0,0,1,0
"ARSF",0,0,1,0
"PHF8",0,0,1,0
"NFKB1",0,0,1,0
"DCLK1",0,0,1,0
"MPPED2",0,0,1,0
"MGAT4C",0,0,1,0
"CADPS",0,0,1,0
"C12orf4",0,0,1,0
"AK3",0,0,1,0
"MTFR1",0,0,1,0
"BRINP2",0,0,1,0
"ARRB1",0,0,1,0
"CHPT1",0,0,1,0
"ARMC8",0,0,1,0
"CELF4",0,0,1,0
"SMS",0,0,1,0
"TMEM184C",0,0,1,0
"RP11-133F8.2",0,0,1,0
"CCDC192",0,0,1,0
"APBB2",0,0,1,0
"TAF4B",0,0,1,0
"ARL8A",0,0,1,0
"PAQR8",0,0,1,0
"BAMBI",0,0,1,0
"CCND2",0,0,1,0
"TOMM20",0,0,1,0
"RP11-10L7.1",0,0,1,0
"FSTL5",0,0,1,0
"ABCD2",0,0,1,0
"RP11-212P7.3",0,0,1,0
"TRIM33",0,0,1,0
"TLR4",0,0,1,0
"RP11-702M1.1",0,0,1,0
"SAT1",0,0,1,0
"CYP2J2",0,0,1,1
"AGBL4",0,0,1,0
"FH",0,0,1,0
"GREB1",0,0,1,0
"CA5BP",0,0,1,0
"ARGLU1",0,0,1,0
"SCGB2B2",0,0,1,0
"DMD",0,0,1,0
"RSBN1",0,0,1,0
"C19orf18",0,0,1,0
"ARL13B",0,0,1,0
"SLC8A1",0,0,1,1
"RP11-613M10.9",0,0,1,0
"RGS3",0,0,1,0
"NFASC",0,0,1,1
"PRKD1",0,0,1,0
"CAMK2B",0,0,1,0
"TLN2",0,0,1,0
"SNX14",0,0,1,0
"SLC19A3",0,0,1,0
"CNTFR",0,0,1,0
"KAZN",0,0,1,0
"RTN4RL1",0,0,1,0
"AC002429.5",0,0,1,0
"RP11-946L20.2",0,0,1,0
"SCLT1",0,0,1,0
"OSMR",0,0,1,0
"H3F3A",0,0,1,0
"RP1-292B18.4",0,0,1,0
"WDR49",0,0,1,0
"TOB2",0,0,1,0
"PRICKLE2",0,0,1,0
"TNC",0,0,1,0
"CLHC1",0,0,1,0
"IFLTD1",0,0,1,0
"ACOX1",0,0,1,0
"ANTXR2",0,0,1,0
"ZNF292",0,0,1,1
"PGM2L1",0,0,1,0
"ARSE",0,0,1,0
"RP4-736L20.5",0,0,1,0
"NCAM2",0,0,1,1
"STAT2",0,0,1,0
"VAV3",0,0,1,0
"PRKCQ",0,0,1,0
"TTC6",0,0,1,0
"CTD-2353F22.1",0,0,1,1
"SMO",0,0,1,0
"RP11-407A16.3",0,0,1,0
"CH17-118O6.3",0,0,0,1
"TRMT112",0,0,0,1
"RP11-136K14.1",0,0,0,1
"TCIRG1",0,0,0,1
"C20orf197",0,0,0,1
"BCL2A1",0,0,0,1
"MAP4K1",0,0,0,1
"AL844908.5",0,0,0,1
"LSP1",0,0,0,1
"FCMR",0,0,0,1
"AF127577.11",0,0,0,1
"C18orf42",0,0,0,1
"NPM2",0,0,0,1
"AC109826.1",0,0,0,1
"HHEX",0,0,0,1
"MSX1",0,0,0,1
"ICOSLG",0,0,0,1
"PCDH18",0,0,0,1
"RP11-165F24.3",0,0,0,1
"CTD-2035E11.5",0,0,0,1
"TMEM119",0,0,0,1
"RP11-175P13.3",0,0,0,1
"PHKA1",0,0,0,1
"CTD-2371O3.3",0,0,0,1
"CTC-428I3.1",0,0,0,1
"AC021016.8",0,0,0,1
"AC003080.4",0,0,0,1
"RP11-542K23.7",0,0,0,1
"GLRA3",0,0,0,1
"RNU6-268P",0,0,0,1
"IQGAP3",0,0,0,1
"CXorf57",0,0,0,1
"CTB-129O4.1",0,0,0,1
"ECM2",0,0,0,1
"PDCL2",0,0,0,1
"SAXO1",0,0,0,1
"CCL2",0,0,0,1
"RP11-493L12.2",0,0,0,1
"TNFRSF13C",0,0,0,1
"TMEM106C",0,0,0,1
"KIF22",0,0,0,1
"AC017076.5",0,0,0,1
"PAF1",0,0,0,1
"TLR7",0,0,0,1
"RNF181",0,0,0,1
"MMP26",0,0,0,1
"RP11-543G18.1",0,0,0,1
"PRICKLE3",0,0,0,1
"RP11-347P5.1",0,0,0,1
"RP11-323P17.2",0,0,0,1
"GLIDR",0,0,0,1
"ADORA3",0,0,0,1
"CTD-3128G10.7",0,0,0,1
"GEMIN2",0,0,0,1
"CYB561A3",0,0,0,1
"COA7",0,0,0,1
"FBP1",0,0,0,1
"RP11-346C20.4",0,0,0,1
"PKD2L1",0,0,0,1
"HAMP",0,0,0,1
"GABRQ",0,0,0,1
"LSM11",0,0,0,1
"SRGAP2",0,0,0,1
"SERPING1",0,0,0,1
"ARHGAP9",0,0,0,1
"AC072062.1",0,0,0,1
"FANCA",0,0,0,1
"SRGN",0,0,0,1
"LEKR1",0,0,0,1
"GNA15",0,0,0,1
"OSBPL10",0,0,0,1
"UBE2L6",0,0,0,1
"RP11-945C19.4",0,0,0,1
"RGS18",0,0,0,1
"GUCY2D",0,0,0,1
"HSPA2",0,0,0,1
"CYB561D2",0,0,0,1
"KRT8P12",0,0,0,1
"EIF3CL",0,0,0,1
"RP11-357N13.3",0,0,0,1
"PLEKHA8",0,0,0,1
"SHROOM2",0,0,0,1
"RP1-206D15.6",0,0,0,1
"LINC00271",0,0,0,1
"CABP1",0,0,0,1
"DCST2",0,0,0,1
"CECR6",0,0,0,1
"AC064860.2",0,0,0,1
"RP3-428L16.1",0,0,0,1
"OAF",0,0,0,1
"RP11-445H22.4",0,0,0,1
"GSTP1",0,0,0,1
"PHOSPHO1",0,0,0,1
"STX10",0,0,0,1
"CTC-436P18.3",0,0,0,1
"RP11-156P1.3",0,0,0,1
"KRTCAP2",0,0,0,1
"CTD-2026C7.1",0,0,0,1
"RGS19",0,0,0,1
"AC008268.3",0,0,0,1
"SLC25A17",0,0,0,1
"CTSK",0,0,0,1
"CD69",0,0,0,1
"SNHG16",0,0,0,1
"CLEC1A",0,0,0,1
"DDX3Y",0,0,0,1
"BRAT1",0,0,0,1
"COIL",0,0,0,1
"BCL2L11",0,0,0,1
"RP11-264L1.1",0,0,0,1
"FBXO11",0,0,0,1
"RP11-1094M14.11",0,0,0,1
"ADGRE1",0,0,0,1
"AC024084.1",0,0,0,1
"SNRPG",0,0,0,1
"ZBED3-AS1",0,0,0,1
"USF3",0,0,0,1
"BIRC5",0,0,0,1
"TBL2",0,0,0,1
"KCNMB1",0,0,0,1
"ZNF682",0,0,0,1
"LAMTOR4",0,0,0,1
"TCEAL3",0,0,0,1
"NPAS1",0,0,0,1
"ATG2A",0,0,0,1
"RPP14",0,0,0,1
"METTL2A",0,0,0,1
"SIRPB2",0,0,0,1
"RP11-365O16.6",0,0,0,1
"MIAT",0,0,0,1
"RP1-167G20.1",0,0,0,1
"AC002310.13",0,0,0,1
"SLFN13",0,0,0,1
"CXCL8",0,0,0,1
"OLFML3",0,0,0,1
"TOM1L2",0,0,0,1
"ZFP69B",0,0,0,1
"DENND4B",0,0,0,1
"RP11-134G8.7",0,0,0,1
"IDNK",0,0,0,1
"TRPS1",0,0,0,1
"PIK3C2B",0,0,0,1
"GIMAP4",0,0,0,1
"GNLY",0,0,0,1
"RP11-733O18.1",0,0,0,1
"SLC15A3",0,0,0,1
"ZNF3",0,0,0,1
"NLGN4Y",0,0,0,1
"U52111.14",0,0,0,1
"RP11-123K3.4",0,0,0,1
"HMGCR",0,0,0,1
"RP11-520M5.5",0,0,0,1
"CAPG",0,0,0,1
"RP11-226E21.4",0,0,0,1
"DOCK10",0,0,0,1
"DIP2B",0,0,0,1
"ARHGAP26",0,0,0,1
"P2RY6",0,0,0,1
"RP3-394A18.1",0,0,0,1
"RP11-840I19.3",0,0,0,1
"HDDC2",0,0,0,1
"RP11-773D16.1",0,0,0,1
"MIR181A2HG",0,0,0,1
"RP4-543J13.1",0,0,0,1
"GMEB1",0,0,0,1
"RP11-739N20.2",0,0,0,1
"TXNDC17",0,0,0,1
"CD80",0,0,0,1
"TMEM147",0,0,0,1
"DDX47",0,0,0,1
"PCDH10",0,0,0,1
"CTD-2008L17.1",0,0,0,1
"ABI3",0,0,0,1
"RFX1",0,0,0,1
"ACOT13",0,0,0,1
"SLC45A4",0,0,0,1
"ZNF428",0,0,0,1
"MROH7-TTC4",0,0,0,1
"TUBBP5",0,0,0,1
"INSIG1",0,0,0,1
"U2AF1",0,0,0,1
"MYO7B",0,0,0,1
"DNAJC5",0,0,0,1
"MTUS2",0,0,0,1
"DCAF6",0,0,0,1
"PCBP2",0,0,0,1
"DSCR3",0,0,0,1
"ABCC13",0,0,0,1
"TRAK1",0,0,0,1
"CH17-262H22.1",0,0,0,1
"DESI2",0,0,0,1
"MYO1E",0,0,0,1
"STAT6",0,0,0,1
"TRMT11",0,0,0,1
"ADAM12",0,0,0,1
"ADCK2",0,0,0,1
"ZNF470",0,0,0,1
"BCL2L2-PABPN1",0,0,0,1
"RP3-455J7.4",0,0,0,1
"KDELR1",0,0,0,1
"AC010149.4",0,0,0,1
"POLDIP2",0,0,0,1
"IL17RA",0,0,0,1
"DAGLB",0,0,0,1
"MIOS",0,0,0,1
"SSBP2",0,0,0,1
"SDHAF3",0,0,0,1
"PRCP",0,0,0,1
"CTD-2587H24.5",0,0,0,1
"WDFY3",0,0,0,1
"AHI1",0,0,0,1
"POFUT2",0,0,0,1
"RP11-511P7.2",0,0,0,1
"CTD-2319I12.4",0,0,0,1
"TNFRSF11B",0,0,0,1
"MIR3142HG",0,0,0,1
"SPTSSA",0,0,0,1
"PDZD2",0,0,0,1
"RP11-1012E15.2",0,0,0,1
"AC008592.5",0,0,0,1
"CCNH",0,0,0,1
"SMAP2",0,0,0,1
"MYH9",0,0,0,1
"TMC6",0,0,0,1
"TM9SF4",0,0,0,1
"EMX1",0,0,0,1
"CARD9",0,0,0,1
"MAN2B1",0,0,0,1
"ITGB3",0,0,0,1
"CASP7",0,0,0,1
"ATP5A1",0,0,0,1
"GRPEL1",0,0,0,1
"CTC-419K13.1",0,0,0,1
"RP11-617F23.2",0,0,0,1
"DEGS1",0,0,0,1
"AF127936.3",0,0,0,1
"HIP1",0,0,0,1
"COA6",0,0,0,1
"P2RY13",0,0,0,1
"DOPEY1",0,0,0,1
"IDH3G",0,0,0,1
"DDI2",0,0,0,1
"CD300LB",0,0,0,1
"ZNF718",0,0,0,1
"SIGLEC9",0,0,0,1
"PRAM1",0,0,0,1
"ECSIT",0,0,0,1
"RP1-249H1.4",0,0,0,1
"RP11-16C1.2",0,0,0,1
"LDB1",0,0,0,1
"TUBB8",0,0,0,1
"BLVRA",0,0,0,1
"OLR1",0,0,0,1
"ZNF589",0,0,0,1
"TMEM30A",0,0,0,1
"LDB3",0,0,0,1
"RP11-93L9.1",0,0,0,1
"SPINT1",0,0,0,1
"PPP1R12C",0,0,0,1
"AC079305.8",0,0,0,1
"GLS",0,0,0,1
"GATAD1",0,0,0,1
"MYO9A",0,0,0,1
"CYB5R3",0,0,0,1
"NCKAP5",0,0,0,1
"TRIP11",0,0,0,1
"FAR2",0,0,0,1
"CD83",0,0,0,1
"ARHGAP15",0,0,0,1
"FOLH1",0,0,0,1
"RP11-659O3.1",0,0,0,1
"STX1A",0,0,0,1
"FAU",0,0,0,1
"RP11-531A24.5",0,0,0,1
"SUGCT",0,0,0,1
"TNPO3",0,0,0,1
"COL14A1",0,0,0,1
"ADGRG6",0,0,0,1
"CCND3",0,0,0,1
"ROCK1",0,0,0,1
"KLF6",0,0,0,1
"RCOR1",0,0,0,1
"DYSF",0,0,0,1
"XXcos-LUCA16.1",0,0,0,1
"CLCN5",0,0,0,1
"MEI1",0,0,0,1
"C12orf79",0,0,0,1
"RP11-228B15.4",0,0,0,1
"MXD4",0,0,0,1
"GDPD1",0,0,0,1
"ACAP2",0,0,0,1
"TCF12",0,0,0,1
"FBXL18",0,0,0,1
"FAM135B",0,0,0,1
"MAN1A1",0,0,0,1
"RCL1",0,0,0,1
"WDFY4",0,0,0,1
"RP11-664H17.1",0,0,0,1
"CTD-2540C19.1",0,0,0,1
"PPP1R13L",0,0,0,1
"ELL2",0,0,0,1
"MMP19",0,0,0,1
"MT-ND2",0,0,0,1
"CIITA",0,0,0,1
"KIAA0040",0,0,0,1
"HEATR1",0,0,0,1
"PP2D1",0,0,0,1
"PLAA",0,0,0,1
"PIM1",0,0,0,1
"BIN3",0,0,0,1
"ARHGEF6",0,0,0,1
"OTOGL",0,0,0,1
"BAG5",0,0,0,1
"HLA-DRB5",0,0,0,1
"SYT1",0,0,0,1
"HIST1H2BG",0,0,0,1
"ITM2C",0,0,0,1
"WAPL",0,0,0,1
"RP11-437L7.2",0,0,0,1
"RP11-1134I14.2",0,0,0,1
"CYSLTR1",0,0,0,1
"GMFG",0,0,0,1
"ADAMTSL2",0,0,0,1
"NHS",0,0,0,1
"JAG1",0,0,0,1
"RP11-322M19.2",0,0,0,1
"ATP8B4",0,0,0,1
"MN1",0,0,0,1
"RIC3",0,0,0,1
"CREG2",0,0,0,1
"AMPD3",0,0,0,1
"SMOC1",0,0,0,1
"SCARA3",0,0,0,1
"PHF3",0,0,0,1
"RP11-493K19.3",0,0,0,1
"LAPTM4A",0,0,0,1
"UBTF",0,0,0,1
"EXTL2",0,0,0,1
"IFI44L",0,0,0,1
"ZNF638",0,0,0,1
"STARD5",0,0,0,1
"C6orf106",0,0,0,1
"GLT1D1",0,0,0,1
"FXYD6",0,0,0,1
"SYCP2L",0,0,0,1
"HEXIM1",0,0,0,1
"ARID2",0,0,0,1
"ASCC3",0,0,0,1
"XIST",0,0,0,1
"TNRC6C",0,0,0,1
"FKBP8",0,0,0,1
"ZNF467",0,0,0,1
"IMMT",0,0,0,1
"TDRD12",0,0,0,1
"SASH3",0,0,0,1
"PSMA1",0,0,0,1
"PITPNA",0,0,0,1
"TIMD4",0,0,0,1
"ELAVL4",0,0,0,1
"CMTM6",0,0,0,1
"EDDM13",0,0,0,1
"FAM78B",0,0,0,1
"SMURF2",0,0,0,1
"ATP6V1B2",0,0,0,1
"DMXL2",0,0,0,1
"MAPRE2",0,0,0,1
"AC023469.1",0,0,0,1
"B4GALT2",0,0,0,1
"C14orf166",0,0,0,1
"EXOSC10",0,0,0,1
"ALDH3A2",0,0,0,1
"CCNE2",0,0,0,1
"LLGL1",0,0,0,1
"SLC11A1",0,0,0,1
"RP11-489O18.1",0,0,0,1
"PRKCB",0,0,0,1
"FIS1",0,0,0,1
"CTD-2245F17.3",0,0,0,1
"LRMP",0,0,0,1
"ZNF506",0,0,0,1
"RP11-15H20.5",0,0,0,1
"LINC00340",0,0,0,1
"RAB32",0,0,0,1
"FRRS1",0,0,0,1
"PTGS1",0,0,0,1
"PEX5L",0,0,0,1
"CLIP2",0,0,0,1
"ENTPD1",0,0,0,1
"POU2F2",0,0,0,1
"PDK4",0,0,0,1
"NR4A2",0,0,0,1
"RP11-467L13.7",0,0,0,1
"MS4A6A",0,0,0,1
"KIF11",0,0,0,1
"BACH1",0,0,0,1
"RNF138",0,0,0,1
"RPL31",0,0,0,1
"MAN2A1",0,0,0,1
"SEPN1",0,0,0,1
"PRKACA",0,0,0,1
"SCYL2",0,0,0,1
"GLIPR2",0,0,0,1
"RP11-321N4.5",0,0,0,1
"BHLHE41",0,0,0,1
"TM9SF3",0,0,0,1
"FRMD4B",0,0,0,1
"PAPOLG",0,0,0,1
"HIF1A",0,0,0,1
"TLR2",0,0,0,1
"LAPTM5",0,0,0,1
"ZBTB8OS",0,0,0,1
"KITLG",0,0,0,1
"HDAC8",0,0,0,1
"FRMD6",0,0,0,1
"HPS3",0,0,0,1
"MYO1F",0,0,0,1
"CTB-12O2.1",0,0,0,1
"PICALM",0,0,0,1
"CNTNAP5",0,0,0,1
"RP11-707A18.1",0,0,0,1
"TTC19",0,0,0,1
"FGD4",0,0,0,1
"YWHAB",0,0,0,1
"ACTR1A",0,0,0,1
"ZKSCAN5",0,0,0,1
"CASP4",0,0,0,1
"RNF150",0,0,0,1
"MSANTD2",0,0,0,1
"DHX40",0,0,0,1
"TBC1D1",0,0,0,1
"PLD4",0,0,0,1
"RP11-177C12.1",0,0,0,1
"FAM149A",0,0,0,1
"ELF4",0,0,0,1
"GNG7",0,0,0,1
"CD300A",0,0,0,1
"CARD11",0,0,0,1
"ZNF146",0,0,0,1
"SORT1",0,0,0,1
"BTN3A2",0,0,0,1
"PLEKHB2",0,0,0,1
"RPL8",0,0,0,1
"RNF6",0,0,0,1
"DFFA",0,0,0,1
"ARHGAP25",0,0,0,1
"NRP1",0,0,0,1
"SNHG7",0,0,0,1
"MDM2",0,0,0,1
"PCED1B",0,0,0,1
"VIT",0,0,0,1
"RABGGTB",0,0,0,1
"TEX9",0,0,0,1
"KB-1507C5.4",0,0,0,1
"LTBR",0,0,0,1
"AC006032.1",0,0,0,1
"HPGDS",0,0,0,1
"NOXA1",0,0,0,1
"PER1",0,0,0,1
"HP1BP3",0,0,0,1
"TGFBR1",0,0,0,1
"RP11-109A6.5",0,0,0,1
"POGZ",0,0,0,1
"MECP2",0,0,0,1
"TDRD9",0,0,0,1
"RP11-517O13.3",0,0,0,1
"PPIG",0,0,0,1
"CTTNBP2",0,0,0,1
"ASAP1-IT2",0,0,0,1
"TMSB10",0,0,0,1
"ABHD12B",0,0,0,1
"NCOA7",0,0,0,1
"DBN1",0,0,0,1
"RP11-557H15.4",0,0,0,1
"TMEM39B",0,0,0,1
"KRAS",0,0,0,1
"TMEM182",0,0,0,1
"RP11-426L16.8",0,0,0,1
"AAED1",0,0,0,1
"ACTR2",0,0,0,1
"ZNF536",0,0,0,1
"AP000476.1",0,0,0,1
"ANKRD36C",0,0,0,1
"UBE2D3",0,0,0,1
"RBMX",0,0,0,1
"KIF16B",0,0,0,1
"NOA1",0,0,0,1
"RNMTL1",0,0,0,1
"ACBD3",0,0,0,1
"ZFP36L1",0,0,0,1
"ST6GALNAC4",0,0,0,1
"TNFAIP8L3",0,0,0,1
"JDP2",0,0,0,1
"CALCR",0,0,0,1
"AL449209.1",0,0,0,1
"FAM160B2",0,0,0,1
"KCNQ1OT1",0,0,0,1
"ZBTB41",0,0,0,1
"SERTAD2",0,0,0,1
"ENG",0,0,0,1
"F13A1",0,0,0,1
"PKIB",0,0,0,1
"MZT1",0,0,0,1
"CHN2",0,0,0,1
"HCK",0,0,0,1
"NR4A1",0,0,0,1
"EZR",0,0,0,1
"GTF2B",0,0,0,1
"SLC11A2",0,0,0,1
"BID",0,0,0,1
"SPATA5",0,0,0,1
"NRDC",0,0,0,1
"CREBZF",0,0,0,1
"STRBP",0,0,0,1
"RUNX1",0,0,0,1
"MARCH3",0,0,0,1
"BCL2L12",0,0,0,1
"IRAK3",0,0,0,1
"AC018633.4",0,0,0,1
"NORAD",0,0,0,1
"TMEM163",0,0,0,1
"CYBB",0,0,0,1
"TIMP2",0,0,0,1
"SHTN1",0,0,0,1
"RP11-139E24.1",0,0,0,1
"RASAL2",0,0,0,1
"USP16",0,0,0,1
"LGMN",0,0,0,1
"PAG1",0,0,0,1
"VAV1",0,0,0,1
"BANK1",0,0,0,1
"GAS6",0,0,0,1
"RPS28",0,0,0,1
"MCC",0,0,0,1
"LRSAM1",0,0,0,1
"CD163",0,0,0,1
"SPRED2",0,0,0,1
"FAM13A",0,0,0,1
"MPZL1",0,0,0,1
"ATM",0,0,0,1
"NTM",0,0,0,1
"IVD",0,0,0,1
"PIAS2",0,0,0,1
"ZBTB43",0,0,0,1
"LPL",0,0,0,1
"ACSM5",0,0,0,1
"KCNK6",0,0,0,1
"CTC-559E9.1",0,0,0,1
"RNASET2",0,0,0,1
"TBC1D4",0,0,0,1
"OPHN1",0,0,0,1
"RP11-493L12.3",0,0,0,1
"SCN8A",0,0,0,1
"GPCPD1",0,0,0,1
"UBASH3B",0,0,0,1
"PPCS",0,0,0,1
"FNIP2",0,0,0,1
"AK2",0,0,0,1
"C9orf3",0,0,0,1
"GOLGA1",0,0,0,1
"PLXNA2",0,0,0,1
"TMEM156",0,0,0,1
"ITGAM",0,0,0,1
"PIK3R5",0,0,0,1
"TNFAIP8",0,0,0,1
"RP11-40A8.3",0,0,0,1
"RPS6KA3",0,0,0,1
"NDUFA8",0,0,0,1
"SHROOM3",0,0,0,1
"PLXND1",0,0,0,1
"CD40",0,0,0,1
"NINJ1",0,0,0,1
"PHACTR1",0,0,0,1
"CDYL",0,0,0,1
"SUPT6H",0,0,0,1
"AQP4",0,0,0,1
"ALPK3",0,0,0,1
"ANKRD40",0,0,0,1
"RP11-467H10.2",0,0,0,1
"AANAT",0,0,0,1
"C1QA",0,0,0,1
"SGO2",0,0,0,1
"TTC17",0,0,0,1
"CCDC26",0,0,0,1
"RP11-166O4.5",0,0,0,1
"SPATS2",0,0,0,1
"BTN3A1",0,0,0,1
"MED13L",0,0,0,1
"RP11-233H19.2",0,0,0,1
"LCP2",0,0,0,1
"NUAK1",0,0,0,1
"ZNF808",0,0,0,1
"CRTC1",0,0,0,1
"RP11-624L4.1",0,0,0,1
"MAML2",0,0,0,1
"RP11-707P17.1",0,0,0,1
"VPS13A",0,0,0,1
"PLCL1",0,0,0,1
"BACH2",0,0,0,1
"RNU2-63P",0,0,0,1
"PDE4A",0,0,0,1
"ANKRD36B",0,0,0,1
"ARMC2",0,0,0,1
"SARAF",0,0,0,1
"YLPM1",0,0,0,1
"B4GALT1",0,0,0,1
"ADAP2",0,0,0,1
"PLAUR",0,0,0,1
"EGLN1",0,0,0,1
"VWC2",0,0,0,1
"P3H2",0,0,0,1
"DOCK11",0,0,0,1
"DENND5A",0,0,0,1
"CNPY3",0,0,0,1
"RASGRP2",0,0,0,1
"PTPN14",0,0,0,1
"LRRCC1",0,0,0,1
"NLRP3",0,0,0,1
"FAM98B",0,0,0,1
"WSB1",0,0,0,1
"ACPP",0,0,0,1
"CD14",0,0,0,1
"FAM122A",0,0,0,1
"CD37",0,0,0,1
"PARVB",0,0,0,1
"RBM47",0,0,0,1
"UNC13B",0,0,0,1
"CCDC40",0,0,0,1
"MGAT1",0,0,0,1
"SDK1",0,0,0,1
"RP11-153M7.3",0,0,0,1
"ITSN1",0,0,0,1
"LRRC16A",0,0,0,1
"RPA2",0,0,0,1
"PARP14",0,0,0,1
"PDGFB",0,0,0,1
"KLF7",0,0,0,1
"RP11-399K21.12",0,0,0,1
"CHGB",0,0,0,1
"KIAA0226L",0,0,0,1
"SRGAP2B",0,0,0,1
"THAP2",0,0,0,1
"DNAJC6",0,0,0,1
"ANKS1A",0,0,0,1
"RNF144B",0,0,0,1
"IDI1",0,0,0,1
"DNAJC9",0,0,0,1
"GAS7",0,0,0,1
"MIS18BP1",0,0,0,1
"ZNF846",0,0,0,1
"IGSF21",0,0,0,1
"NECTIN2",0,0,0,1
"RAC1",0,0,0,1
"BCL2L13",0,0,0,1
"MLC1",0,0,0,1
"IL1B",0,0,0,1
"GTF2IRD1",0,0,0,1
"RILPL2",0,0,0,1
"WDR11",0,0,0,1
"PRKCA",0,0,0,1
"BNC2",0,0,0,1
"CHUK",0,0,0,1
"C5AR1",0,0,0,1
"IKZF2",0,0,0,1
"SPARC",0,0,0,1
"SAMD9",0,0,0,1
"EEF2",0,0,0,1
"RP1-228H13.6",0,0,0,1
"HRH2",0,0,0,1
"ACSF2",0,0,0,1
"MBP",0,0,0,1
"ANKRD42",0,0,0,1
"RP11-666E17.1",0,0,0,1
"CCDC85B",0,0,0,1
"COPS2",0,0,0,1
"UPF2",0,0,0,1
"PIK3AP1",0,0,0,1
"PROCR",0,0,0,1
"ERMP1",0,0,0,1
"RP11-379F4.4",0,0,0,1
"ELMO1",0,0,0,1
"RCSD1",0,0,0,1
"AGPAT2",0,0,0,1
"AKAP13",0,0,0,1
"ANAPC16",0,0,0,1
"ITGA9",0,0,0,1
"BEX1",0,0,0,1
"TSC22D2",0,0,0,1
"STK17B",0,0,0,1
"RP11-480C22.1",0,0,0,1
"TPST2",0,0,0,1
"VSIR",0,0,0,1
"BORCS7",0,0,0,1
"NAV2",0,0,0,1
"TAF1A",0,0,0,1
"RP11-760H22.2",0,0,0,1
"SLC7A8",0,0,0,1
"HS3ST5",0,0,0,1
"MCM6",0,0,0,1
"SRP72",0,0,0,1
"ITGA3",0,0,0,1
"BTBD9",0,0,0,1
"EPSTI1",0,0,0,1
"GPC5",0,0,0,1
"C11orf80",0,0,0,1
"EP300",0,0,0,1
"SLC15A2",0,0,0,1
"UBAP1",0,0,0,1
"RP11-766N7.3",0,0,0,1
"PLXDC2",0,0,0,1
"ZNF124",0,0,0,1
"PPM1E",0,0,0,1
"WNT5B",0,0,0,1
"RAB5A",0,0,0,1
"MSANTD4",0,0,0,1
"MNDA",0,0,0,1
"MZT2B",0,0,0,1
"TRMT10C",0,0,0,1
"TUBGCP2",0,0,0,1
"RP5-940J5.10",0,0,0,1
"RPN1",0,0,0,1
"DHRS9",0,0,0,1
"TMEM35",0,0,0,1
"ZMIZ1",0,0,0,1
"SMYD3",0,0,0,1
"ZNF81",0,0,0,1
"COX10-AS1",0,0,0,1
"NCOA3",0,0,0,1
"TNIP2",0,0,0,1
"PDE1B",0,0,0,1
"ISPD",0,0,0,1
"DYNLT1",0,0,0,1
"TMC8",0,0,0,1
"FRG1HP",0,0,0,1
"TMOD2",0,0,0,1
"CYTH4",0,0,0,1
"TNFRSF10A",0,0,0,1
"NOP58",0,0,0,1
"TEFM",0,0,0,1
"MYOF",0,0,0,1
"RRAGB",0,0,0,1
"ARSG",0,0,0,1
"DARS",0,0,0,1
"FAM169A",0,0,0,1
"TMEM59L",0,0,0,1
"RP5-964N17.1",0,0,0,1
"LEPR",0,0,0,1
"HCLS1",0,0,0,1
"DLEU7",0,0,0,1
"GFOD2",0,0,0,1
"THOC2",0,0,0,1
"NAPA",0,0,0,1
"USP4",0,0,0,1
"MALAT1",0,0,0,1
"PIH1D1",0,0,0,1
"ADAT1",0,0,0,1
"CIC",0,0,0,1
"CLEC9A",0,0,0,1
"RP11-472I20.4",0,0,0,1
"MYL12A",0,0,0,1
"CTSB",0,0,0,1
"PPP1R9A",0,0,0,1
"RP11-557H15.3",0,0,0,1
"LYVE1",0,0,0,1
"P3H4",0,0,0,1
"DUSP6",0,0,0,1
"PFKP",0,0,0,1
"POMT2",0,0,0,1
"KCTD16",0,0,0,1
"RP11-691H4.1",0,0,0,1
"TM2D1",0,0,0,1
"FGD2",0,0,0,1
"CA8",0,0,0,1
"DLG2",0,0,0,1
"OTUD5",0,0,0,1
"SCARNA9",0,0,0,1
"RP11-340I6.8",0,0,0,1
"EMC7",0,0,0,1
"NPDC1",0,0,0,1
"ZNRF1",0,0,0,1
"C2orf73",0,0,0,1
"RP11-398J13.1",0,0,0,1
"MEF2C",0,0,0,1
"PREX1",0,0,0,1
"CEP68",0,0,0,1
"RLIM",0,0,0,1
"RAPGEF1",0,0,0,1
"GRPEL2",0,0,0,1
"OMA1",0,0,0,1
"NKD1",0,0,0,1
"TBC1D14",0,0,0,1
"RP11-373N22.3",0,0,0,1
"PPP1R8",0,0,0,1
"CCDC144C",0,0,0,1
"WDR45B",0,0,0,1
"AP1G2",0,0,0,1
"AF064858.6",0,0,0,1
"MCM5",0,0,0,1
"DENND6B",0,0,0,1
"ANGPT2",0,0,0,1
"IFT46",0,0,0,1
"BISPR",0,0,0,1
"RP11-231E4.4",0,0,0,1
"FBXO38",0,0,0,1
"RN7SL76P",0,0,0,1
"TSPYL1",0,0,0,1
"NOXRED1",0,0,0,1
"SRSF9",0,0,0,1
"ANK1",0,0,0,1
"C3orf38",0,0,0,1
"RP11-500G22.2",0,0,0,1
"AC008697.1",0,0,0,1
"WRN",0,0,0,1
"AC007563.5",0,0,0,1
"POLR1E",0,0,0,1
"ETV3",0,0,0,1
"DNM3OS",0,0,0,1
"CALCOCO1",0,0,0,1
"MS4A14",0,0,0,1
"FHL3",0,0,0,1
"SNN",0,0,0,1
"RP11-30B1.1",0,0,0,1
"RP11-1046B16.3",0,0,0,1
"PHC2",0,0,0,1
"RP11-6C14.1",0,0,0,1
"CTD-2233K9.1",0,0,0,1
"SH3D21",0,0,0,1
"RP4-569M23.4",0,0,0,1
"CALHM2",0,0,0,1
"FAM200B",0,0,0,1
"RNF128",0,0,0,1
"ZXDA",0,0,0,1
"RP3-323N1.2",0,0,0,1
"FBXO44",0,0,0,1
"FUT4",0,0,0,1
"LRP5",0,0,0,1
"KCNE3",0,0,0,1
"STRAP",0,0,0,1
"SLC35B2",0,0,0,1
"CDKN2C",0,0,0,1
"WDR19",0,0,0,1
"FAT4",0,0,0,1
"AC073254.1",0,0,0,1
"RP11-268G12.3",0,0,0,1
"NCF2",0,0,0,1
"RP11-118B18.1",0,0,0,1
"PRKAR2B",0,0,0,1
"ADAMTS2",0,0,0,1
"GPR35",0,0,0,1
